No,LIQUIDEZ,NIVEL DE ENDEUDAMIENTO ,Razón de Cobertura de intereses , Rentabilidad del Patrimonio ,Rentabilidad del Activo,CAPITAL DE TRABAJO,%K
1,10.83578947,0.696197228,9.588151531, 0.28 ,0.085968818,19270682000,3.757473956
2,2.396180269,0.675897821,34.90900027, 0.54 ,0.173396007,28917877000,5.638522274
3,2.262470518,0.614089332,16.05860937, 0.50 ,0.191277381,6808756000,1.327598231
4,17.20354725,0.599453037,25.74488095, 0.15 ,0.061040612,3784063000,0.737831602
5,1.789410432,0.743415271,9.422843299, 0.43 ,0.111163302,5949177000,1.159994111
6,2.678577234,0.61594296,28.14135327, 2.70 ,1.035872347,4698336000,0.916100175
7,1.59507853,0.593128292,5.37206602, 0.53 ,0.216388159,14322262000,2.792611411
8,11.08946748,0.513283063,10, 0.96 ,0.466432538,10368976000,2.021784038
9,3.752361052,0.506903265,17.62290486, 0.73 ,0.358852413,77225851000,15.05780251
10,2.005828574,0.501889095,13.17060701, 0.63 ,0.314968439,29615353000,5.774518909
11,1.580615115,0.688199454,20.34151824, 0.74 ,0.231133099,3980087000,0.776053138
12,3.02676879,0.548403528,6.368603538, 0.97 ,0.436517185,2493485000,0.486189588
13,1.679094993,0.578339337,7.328913185, 0.99 ,0.417816294,2720771000,0.530506713
14,24.15013482,0.5211098,10, 0.19 ,0.090512955,35963665000,7.012337944
15,14.39579122,0.54278177,10, 0.28 ,0.126078325,28304838000,5.5189895
16,1.971673413,0.693685012,4.593010133, 0.51 ,0.156587808,2061170000,0.401895096
17,1.924685525,0.590124718,10, 0.30 ,0.124863498,3745865000,0.730383604
18,5.970985585,0.972757899,5.577819948, 3.82 ,0.103944551,3999998000,0.779935464
19,2.033511269,0.671679875,10, 0.36 ,0.118033676,1965540000,0.38324878
20,2.093909689,0.68999891,5.070634486, 0.59 ,0.18271023,76557985000,14.92757935
21,1.704043977,0.525948525,20.67244173, 1.28 ,0.609144554,8206093000,1.600056538
22,2.438290731,0.587161547,31.51704545, 0.50 ,0.205781087,3326043000,0.648525047
23,5.316804867,0.802246983,12.80853346, 0.91 ,0.179343541,5745827000,1.120344122
24,2.964338025,0.901564316,13.60994015, 3.09 ,0.303857189,1967424000,0.383616129
25,6.236433002,0.694191526,60.31357101, 0.38 ,0.117168558,3924141000,0.765144566
26,1.961193861,0.575968731,13.14006754, 0.87 ,0.367984715,1121298000,0.218635128
27,1.59236771,0.86612641,10, 1.31 ,0.175689823,2433443000,0.474482361
28,9.70263488,0.716056599,35.61130605, 0.72 ,0.203490533,8548459000,1.666812418
29,1.546046598,0.626879641,16.01696762, 0.50 ,0.186867623,11013121000,2.147381983
30,2.010316577,0.634009193,19.97942473, 1.15 ,0.420541269,3273650000,0.638309252
31,14.36077638,0.725107886,17.48456604, 0.56 ,0.154118818,5749917000,1.121141607
32,2.434531274,0.578380181,7.209550198, 0.81 ,0.340221898,4170805000,0.81324009
33,5.947923331,0.57206214,10, 0.79 ,0.33611133,6303115000,1.229006345
34,5.850712108,0.674576554,10, 1.53 ,0.497317056,4626551000,0.902103251
35,1.709531534,0.681546111,10.54529723, 0.71 ,0.226104493,13449674000,2.622470745
36,9.63321691,0.705527614,10, 0.33 ,0.096157676,13021412000,2.538966522
37,10.83948079,0.705709836,5.192203856, 0.54 ,0.158982649,5694324000,1.110301863
38,5.00953397,0.671397415,46.70849941, 0.14 ,0.046522062,12488724000,2.435100905
39,3.241922394,0.553553204,366.9427899, 2.88 ,1.286675852,27415487000,5.345580317
40,4.68468667,0.627512317,10, 0.62 ,0.232794672,3494999000,0.681468758
41,3.329956606,0.601865097,10, 0.25 ,0.099023868,50148136000,9.77808232
42,12.78209818,0.636928111,4.804761869, 0.28 ,0.102244469,92777437000,18.09011239
43,2.128796846,0.647086813,18429.60597, 14.09 ,4.973920977,8955154000,1.746111421
44,18.64589611,0.842664843,10, 0.19 ,0.030493071,1528364000,0.29800647
45,10,0.803971525,10, 0.50 ,0.097611258,3534205000,0.689113299
46,2.00736339,0.622537925,10, 0.24 ,0.092267294,1.03811E+11,20.24146737
47,2.073251212,0.583091178,93.81525119, 10.23 ,4.264771327,23862822000,4.652867614
48,3.29782063,0.518983934,10, 1.34 ,0.6422379,18600858000,3.626869018
49,2.512655413,0.725518929,8.725304002, 0.60 ,0.16546315,28287346000,5.51557884
50,4.331622037,0.613981965,20.4110141, 0.25 ,0.095225161,14875166000,2.900418825
51,1.753031143,0.542889435,8.67545025, 0.38 ,0.173610894,1.81049E+11,35.30172219
52,13.39944369,0.548061607,21.34695867, 0.18 ,0.083147469,4934743000,0.962195749
53,1.700137358,0.579354362,126.2143654, 1.06 ,0.447057021,9135666000,1.781308366
54,1.636712242,0.576360478,10, 5.34 ,2.263755446,3102148000,0.604869112
55,2.162002162,0.5990144,10, 0.71 ,0.282751505,6324055000,1.233089309
56,4.535286424,0.662813786,7.723168301, 0.31 ,0.103956033,1662274000,0.324116773
57,7.946260957,0.593689014,10, 0.19 ,0.077917521,8660619000,1.688681819
58,2.515973252,0.705964318,10, 0.26 ,0.076377754,25424348000,4.957340143
59,3.928934557,0.59057858,21.79871482, 0.09 ,0.037315698,1.2307E+11,23.99674073
60,3.527133693,0.662589405,4.171737197, 0.29 ,0.098770625,8921952000,1.739637563
61,2.15776734,0.558955503,10, 1.08 ,0.476066458,8700456000,1.696449395
62,6.333188259,0.68855405,11.15546638, 0.72 ,0.224118448,38783569000,7.562174003
63,1.864423837,0.79724715,10, 0.78 ,0.158179234,7762960000,1.513652709
64,6.470381602,0.732227848,10, 1.23 ,0.330024287,2460512000,0.479760382
65,3.275082417,0.585987699,10, 1.77 ,0.73437847,4391901000,0.856350264
66,2.223501249,0.735479316,10, 0.73 ,0.192639655,6673579000,1.301240884
67,12.07221403,0.638465389,7.363617624, 0.16 ,0.058908267,40744120000,7.944450008
68,2.774221387,0.648875095,10, 0.25 ,0.087025474,23122542000,4.508524886
69,4.041022273,0.567249313,10, 0.16 ,0.069260592,39036423000,7.611476478
70,2.727547897,0.53150856,5.556619733, 0.47 ,0.220368384,17824162000,3.475425753
71,6.85362264,0.545365946,10, 0.12 ,0.055781159,49294246000,9.611587464
72,2.418969136,0.606364455,10, 0.14 ,0.056774795,27852274000,5.430746777
73,5.547708541,0.622139783,10, 0.07 ,0.025922073,6753711000,1.316865339
74,2.093425398,0.869164784,4.07343722, 0.58 ,0.07583031,11029979000,2.150669023
75,13.31532055,0.512433598,10, 0.70 ,0.339583314,13289056000,2.59115281
76,1.816181636,0.553032272,10, 0.28 ,0.12462815,1391908000,0.271399739
77,3.816519586,0.638793884,9.868859961, 0.54 ,0.194333169,4769176000,0.929912839
78,1.752633466,0.572326726,10, 0.50 ,0.215962607,2122391000,0.413832209
79,12.73342261,0.560908889,10, 0.09 ,0.03856683,2619909000,0.510840241
80,1.666498355,0.713041738,10, 0.28 ,0.079714671,4479972000,0.873522697
81,11.13706148,0.798505769,43.64015177, 0.19 ,0.03833787,29419719000,5.736373416
82,4.723772017,0.640477197,10, 0.21 ,0.077128757,1869341000,0.364491517
83,1.88916109,0.527095521,5.333394443, 0.33 ,0.15768139,11086714000,2.161731438
84,3.65220823,0.750500189,10, 0.73 ,0.18129501,17070071000,3.328390101
85,3.064902306,0.652619333,10, 0.41 ,0.142584137,34256944000,6.679554719
86,1.61312942,0.649543913,20.03940148, 0.47 ,0.164664912,3426410000,0.668095002
87,16.69133493,0.861846506,36.19921579, 2.64 ,0.364543665,8364423000,1.630928349
88,6.553305998,0.66739949,37.76319184, 0.22 ,0.07325936,14013540000,2.732415572
89,63.74353511,0.787468932,10, 1.09 ,0.231852939,1295654000,0.252631752
90,1.654877621,0.570545522,6.471096284, 0.14 ,0.058598817,21821022000,4.254749358
91,2.125298933,0.702585219,24.03185502, 1.24 ,0.368621029,3105142000,0.605452894
92,3.033082524,0.536209396,4.179801331, 0.33 ,0.153925839,4596149000,0.896175349
93,1.698772654,0.880964258,2733.942111, 1.23 ,0.146992773,3916293000,0.763614331
94,5.155712112,0.534393827,10, 0.54 ,0.250884948,2985368000,0.582098885
95,1.813847652,0.61100493,22.50945992, 0.40 ,0.156778697,5862930000,1.143177329
96,4.402870344,0.826381031,15.87936134, 0.27 ,0.046608223,15996315000,3.1190249
97,10.02433825,0.611847028,10.87967869, 0.15 ,0.060095962,15221604000,2.967968679
98,1.526161155,0.598816098,14.69623853, 0.82 ,0.32904829,2025802000,0.394998903
99,2.162381506,0.624469838,7.334320548, 0.08 ,0.029588928,1886143000,0.367767638
100,2.055812128,0.565838862,23.0576579, 0.22 ,0.094731281,7907771000,1.541888532
101,3.316399907,0.672023897,11.04591138, 0.18 ,0.059162377,4770116000,0.930096124
102,21.02393384,0.578483571,10, 0.17 ,0.072712008,2811100000,0.54811942
103,1.624748407,0.512022968,23444.91919, 0.36 ,0.176252449,4172351000,0.813541535
104,2.018240417,0.643505824,11.27080433, 0.90 ,0.322555611,3264547000,0.636534313
105,2.939142817,0.675925925,4.099125001, 0.60 ,0.19573861,52282870000,10.19432122
106,1.623704746,0.537364092,9.729849693, 0.87 ,0.40449474,29617029000,5.774845702
107,2.036132327,0.567264966,10, 0.99 ,0.43041324,1759763000,0.343125565
108,4.509865949,0.613145664,48.18808723, 0.34 ,0.131505232,3274196000,0.638415713
109,1.749585821,0.660973179,14.17408435, 2.77 ,0.939824062,1531553000,0.298628274
110,3.977098294,0.532300236,30.05368323, 0.99 ,0.461072825,5475113000,1.067559233
111,2.05725259,0.683404334,6.779038537, 1.41 ,0.44621642,2237470000,0.436270769
112,1.874326022,0.504435196,8.209623403, 1.16 ,0.576764593,1337314000,0.260754784
113,2.272432784,0.848868,4.821368339, 1.79 ,0.270877329,3777573000,0.736566156
114,10.30386913,0.505215602,41.72310008, 0.10 ,0.04870003,2049233000,0.399567573
115,1.827130768,0.589857052,8.35672258, 0.92 ,0.379236135,6267480000,1.222058092
116,3.26494952,0.516058189,108.515228, 1.53 ,0.741097061,1362195000,0.26560618
117,1.514964041,0.542391124,30724.47059, 0.15 ,0.069817907,2086280000,0.406791143
118,1.596566824,0.649699564,2186.499253, 0.31 ,0.109550721,4770656000,0.930201415
119,1.721322337,0.546266484,5.90960204, 0.60 ,0.272549738,2886059000,0.562735223
120,11.81248665,0.551136159,4.366619696, 0.28 ,0.125213824,5721330000,1.1155676
121,1.845689621,0.749192858,28.37887527, 1.41 ,0.352820913,1181036000,0.23028308
122,17.19355851,0.636545291,10, 0.24 ,0.086411231,37475376000,7.307097347
123,3.103172136,0.501765439,372.0649262, 1.26 ,0.626707863,9289297000,1.811263947
124,1.992052547,0.597669103,6.558695986, 0.25 ,0.102593329,7319200000,1.427126626
125,4.00265542,0.676547835,10, 0.84 ,0.273165774,1082142000,0.211000336
126,1.940592258,0.610882148,4.984969302, 0.53 ,0.205490591,2874734000,0.560527029
127,2.200019667,0.637588506,10, 0.68 ,0.245712959,6321406000,1.232572797
128,1.804830417,0.603841715,23.06601569, 0.66 ,0.262226101,2976749000,0.580418318
129,4.779165067,0.916704627,29.28540245, 2.41 ,0.200968474,14293543000,2.787011667
130,2.82969238,0.535921894,4.618898566, 0.30 ,0.140070649,6711555000,1.308645595
131,9.948172561,0.715628306,7.756117775, 0.57 ,0.161590798,10290130000,2.006410332
132,7.619187262,0.509818144,25.26303079, 0.14 ,0.069293634,1045077000,0.203773256
133,1.775576651,0.781299593,16.63429974, 0.62 ,0.134593682,3496139000,0.681691039
134,1.951040574,0.584844973,7.217159059, 0.52 ,0.215054953,8834952000,1.722673958
135,16.34268992,0.666704949,67.95940502, 0.85 ,0.2845951,1310726000,0.255570551
136,1.612885225,0.588471324,13.07801283, 1.27 ,0.521547763,7692624000,1.499938317
137,3.861692523,0.735535725,5.213334884, 0.67 ,0.178124043,7201123000,1.404103504
138,3.667979119,0.765031704,69.76336898, 0.58 ,0.136187104,6387118000,1.245385583
139,6.377220134,0.606696166,18.08491736, 0.28 ,0.111324379,15456459000,3.013761638
140,7.060367696,0.503278035,7.252712932, 0.44 ,0.216160173,1576338000,0.307360631
141,277.5206501,0.825646074,10, 0.32 ,0.05656872,14528948000,2.832911867
142,5.817543916,0.595950815,17.9428406, 0.98 ,0.395944453,9304956000,1.814317201
143,24.40268364,0.66061019,8.7999622, 0.20 ,0.066766069,1867932000,0.364216785
144,2.547209285,0.582143678,9.437960408, 0.55 ,0.228897267,9895112000,1.929388157
145,7.554787996,0.923411205,10, 2.78 ,0.213254387,4720601000,0.920441493
146,2.928497163,0.583814275,10, 0.22 ,0.08979337,29725350000,5.79596656
147,11.64315492,0.626342707,10, 0.43 ,0.161436073,5524734000,1.077234533
148,7.4476911,0.555971117,12.01452009, 0.41 ,0.183514901,4065237000,0.792656023
149,45.92419946,0.601376053,10, 0.06 ,0.025317694,6369353000,1.241921693
150,1.541896317,0.595334607,12.59700029, 0.66 ,0.268986569,2225055000,0.433850043
151,2.090681907,0.76928636,10, 0.68 ,0.156157938,8898216000,1.735009424
152,3.515627471,0.681711603,10.41342282, 0.63 ,0.200641259,13502799000,2.632829268
153,4.030508902,0.69104008,13.13602386, 0.62 ,0.190243414,21152740000,4.124445084
154,3.980451762,0.57800846,8.620275022, 0.22 ,0.094780013,6449486000,1.257546343
155,2.091183157,0.657964001,10, 0.95 ,0.323498462,3961918000,0.772510475
156,3.662981137,0.518487654,11.15925332, 0.33 ,0.157481917,9490460000,1.850487506
157,23.904924,0.611412104,71.26116141, 0.46 ,0.177561333,2341662000,0.456586538
158,5.052828232,0.775040164,9.979777577, 0.37 ,0.082317181,3846288000,0.749964479
159,11.03296047,0.621185152,10, 0.10 ,0.039639922,64002121000,12.47938723
160,2.860187264,0.580313434,6.746445064, 0.65 ,0.272531898,33746351000,6.579997272
161,2.272521206,0.507013966,7.613437989, 0.34 ,0.168243257,17515907000,3.415320971
162,70.95600561,0.553891933,10.72935238, 0.11 ,0.048735119,6034475000,1.176625853
163,4.154237841,0.743398011,10, 0.64 ,0.165052263,19727862000,3.846616724
164,12.18230748,0.524514311,21.44664008, 0.72 ,0.34339648,2582498000,0.503545696
165,1.603113642,0.5505891,153.1789779, 2.63 ,1.182164776,8435999000,1.644884521
166,4.521461949,0.794291547,16.39898077, 0.43 ,0.087749879,8555670000,1.668218447
167,9.895695691,0.601808333,628.0329626, 1.35 ,0.535980425,6845309000,1.33472548
168,1.711840184,0.598458484,8.260215569, 0.32 ,0.12984494,3111998000,0.606789704
169,3.238821547,0.544924379,8.405541016, 0.28 ,0.126434774,2428396000,0.473498277
170,8.346686154,0.536164838,10, 0.97 ,0.450741419,2644065000,0.515550273
171,7.754585137,0.56988607,10, 0.71 ,0.305344378,16746008000,3.265203013
172,1.682310658,0.542823189,47.10003576, 5.13 ,2.346940517,4376069000,0.853263278
173,10.64102174,0.555828141,6.293852013, 0.32 ,0.144208247,9574383000,1.866851146
174,4.288332105,0.738926796,10, 1.30 ,0.338400565,8923218000,1.739884413
175,34.82360301,0.846028029,86.75528942, 0.25 ,0.03876304,4595985000,0.896143372
176,4.981494605,0.697377641,16.69741855, 0.47 ,0.142830472,15461768000,3.014796808
177,2.102990681,0.665098564,10, 0.55 ,0.18550977,6117622000,1.192838185
178,3.524760045,0.518047643,10, 0.70 ,0.338281639,3335410000,0.650351462
179,2.004966881,0.709456935,9.931378041, 0.99 ,0.288202642,4903555000,0.956114589
180,1.697802851,0.594274476,31.09050407, 0.67 ,0.273087879,1344918000,0.262237442
181,11.28905036,0.64464046,28.45826475, 0.32 ,0.11257968,21891035000,4.26840077
182,4.717968381,0.542183691,11.54625486, 0.51 ,0.232269593,6273856000,1.223301309
183,2.025843111,0.541910236,11.18791619, 0.46 ,0.208859107,4814928000,0.938833745
184,2.041024576,0.695887989,10, 1.56 ,0.475049991,1433368000,0.279483774
185,1.600161709,0.548283148,13.79789322, 0.43 ,0.192682149,1476387000,0.287871789
186,2.555884819,0.580042361,26.09237866, 0.35 ,0.147203294,45659013000,8.902775325
187,2.040414594,0.524257031,10.56992012, 0.92 ,0.437830812,11595893000,2.261013178
188,1.675663513,0.798907374,10, 1.26 ,0.254230981,4292393000,0.8369478
189,2.098773604,0.688680313,10, 0.64 ,0.199947607,14104203000,2.750093403
190,1.90869557,0.612990743,10, 0.36 ,0.139956198,3374232000,0.657921129
191,1.631688903,0.597623295,10, 1.02 ,0.409071365,6522632000,1.27180864
192,7.245757651,0.566522927,10, 0.10 ,0.045484364,7363411000,1.435747062
193,2.518520668,0.553070838,28.5297862, 0.82 ,0.368162022,2276018000,0.443787011
194,1.953366111,0.510064207,10, 0.44 ,0.217699398,4792376000,0.934436467
195,1.76321609,0.561671473,10, 1.04 ,0.454481875,2681633000,0.522875431
196,2.997511312,0.695038665,10, 0.21 ,0.063684859,4823844000,0.940572223
197,4.407323689,0.684760113,11.18212932, 0.48 ,0.150436722,33601435000,6.551740976
198,1.83258934,0.540858387,30.01787969, 0.19 ,0.085589154,2499469000,0.487356372
199,7.405308669,0.907703034,10, 0.46 ,0.042289547,4840780000,0.943874471
200,2.357798548,0.685926248,10, 0.38 ,0.12073231,5924090000,1.155102548
201,7.149339159,0.593704361,10.85993233, 0.24 ,0.095514511,20156267000,3.930148829
202,1.714345792,0.595643629,5.302633977, 1.09 ,0.441863219,4319619000,0.842256433
203,10.8501206,0.520273996,12.38838375, 0.15 ,0.073906671,7314276000,1.426166525
204,2.813752536,0.526263214,10, 0.15 ,0.069241738,4489812000,0.875441339
205,5.125136803,0.79689365,10, 0.46 ,0.094147178,8424210000,1.642585855
206,1.790377845,0.601267017,10, 1.74 ,0.694537903,2719638000,0.530285797
207,2.152116624,0.530220973,8.494473757, 0.32 ,0.148531485,2327150000,0.453756931
208,4.079080392,0.669725166,7.398741535, 1.07 ,0.354039585,26698158000,5.205712665
209,2.347637796,0.641798567,101.3902389, 0.24 ,0.085333363,14791442000,2.884093987
210,6.048195281,0.657213418,10, 0.63 ,0.215870002,6155002000,1.200126685
211,1.560884656,0.502616027,5.759424439, 0.07 ,0.037058571,4101441000,0.799715222
212,1.562430897,0.618374484,14.55544673, 0.32 ,0.12160624,5767987000,1.124664967
213,1.532786763,0.648384914,6.231251379, 0.92 ,0.323441235,2041519000,0.398063466
214,8.728848917,0.90088932,10, 0.92 ,0.091272922,8084090000,1.57626791
215,5.802237918,0.653358077,21.2410664, 0.92 ,0.320178662,5448744000,1.062417701
216,3.130527908,0.856216329,10, 0.49 ,0.070953668,1968497000,0.383825347
217,15.77042148,0.505781688,4.802818139, 0.58 ,0.28823304,15817024000,3.084066031
218,9.260099801,0.598705219,31.08657398, 1.09 ,0.438168045,22214382000,4.331448249
219,1.69212581,0.580458167,10, 5.67 ,2.378333097,1107357000,0.215916857
220,4.128743569,0.964258889,10, 3.07 ,0.109698495,5766046000,1.124286503
221,1.506151749,0.529047575,15.5657828, 0.56 ,0.262580501,1882884000,0.367132185
222,4.651970867,0.583356612,7.254522245, 0.67 ,0.280300572,2304547000,0.449349708
223,2.590505111,0.698317718,14.86971575, 0.78 ,0.235674958,1602216000,0.312406426
224,4.918914474,0.70066624,100.2502577, 0.44 ,0.131313963,2168257000,0.422775344
225,2.023727251,0.670923883,43.75206923, 1.33 ,0.43759414,6253269000,1.219287175
226,4.471381768,0.554633734,10, 0.62 ,0.275018018,5374060000,1.047855519
227,2.325712296,0.508107883,20.72865708, 1.12 ,0.551870523,2684753000,0.523483781
228,1.935455393,0.645670684,10, 0.56 ,0.197691592,1692236000,0.329958882
229,10.31411031,0.528845643,10, 0.08 ,0.03949721,1325994000,0.258547566
230,1.921885094,0.814539949,109.9626666, 1.50 ,0.277372544,14461971000,2.819852426
231,2.784717149,0.587037896,10, 0.16 ,0.064016725,2702151000,0.526876112
232,3.017167361,0.622399984,5.17080377, 0.65 ,0.247084182,11760707000,2.293149265
233,4.065139714,0.65388869,4.755425056, 0.69 ,0.239711219,5617926000,1.095405478
234,2.864121443,0.862506292,6.077770931, 1.61 ,0.221372059,3936894000,0.767631196
235,2.858943875,0.557536522,12.06376844, 1.12 ,0.494195128,1757479000,0.342680221
236,5.645203626,0.678661103,10, 0.95 ,0.304475327,9783124000,1.907552293
237,3.551575742,0.600683435,10, 0.99 ,0.396942398,41541059000,8.099840332
238,3.218860076,0.512259821,24.52082661, 1.22 ,0.595363837,5436256000,1.059982742
239,8.594442944,0.658507214,15.3608566, 0.73 ,0.248857959,6326133000,1.233494486
240,4.85439267,0.611314357,10, 0.31 ,0.121937556,9108562000,1.776023521
241,12.80038003,0.536370153,49.66104651, 0.25 ,0.11629327,1037100000,0.202217869
242,12.74883726,0.691272534,10, 1.24 ,0.382944659,23806152000,4.641817873
243,3.151955997,0.555815993,8.288551326, 0.20 ,0.087896923,2278590000,0.444288509
244,5.123815254,0.807665999,11.84632741, 0.65 ,0.12459629,2474384000,0.4824652
245,25.89316869,0.507918681,10, 0.13 ,0.062311907,8543684000,1.665881369
246,5.099760644,0.500329703,10.67842423, 0.79 ,0.394985976,4783941000,0.932791777
247,1.674461169,0.766075635,10, 1.20 ,0.280267073,1995102000,0.389012896
248,2.087331148,0.682641961,8.689068224, 1.27 ,0.403786353,6781107000,1.32220712
249,50.90682823,0.587060883,61.62783504, 0.40 ,0.166318963,29321110000,5.717146242
250,1.737237558,0.786609791,11.60207406, 0.71 ,0.15076877,3540085000,0.690259804
251,2.91421432,0.549149668,15.7369256, 2.25 ,1.014730803,1668456000,0.325322164
252,1.851789824,0.53718084,101.9656437, 1.33 ,0.617528706,5440546000,1.060819223
253,3.671645118,0.783704363,62.83224771, 0.64 ,0.138968748,10462547000,2.040028883
254,2.286693811,0.740078528,10, 2.23 ,0.578464256,47394875000,9.241240578
255,6.839508604,0.920779178,10, 0.90 ,0.070926112,17168821000,3.347644767
256,8.018169057,0.630125454,16.65037164, 0.58 ,0.216001962,7389353000,1.440805336
257,3.771342896,0.718912196,10, 0.52 ,0.14584222,4069257000,0.793439858
258,1.626241554,0.832844882,5.571143278, 2.23 ,0.37325522,1326828000,0.258710182
259,10,0.603651745,10, 0.57 ,0.225561514,4538430000,0.88492107
260,2.326209454,0.514246515,10, 0.71 ,0.343271547,7097438000,1.383886592
261,1.878239286,0.704070044,10, 0.18 ,0.053844316,12799837000,2.495762951
262,5.134469662,0.542094528,61.80243508, 0.46 ,0.210515248,4290211000,0.836522345
263,4.682615704,0.68468893,10.4625549, 0.47 ,0.149643593,9732159000,1.897614935
264,2.056560986,0.580625345,9.111169054, 0.07 ,0.027740697,5695280000,1.110488268
265,2.498274188,0.687439758,10, 0.31 ,0.098228122,3568122000,0.69572657
266,4.263552829,0.665588266,33.08710008, 2.14 ,0.714814793,1795362000,0.350066799
267,2.582692122,0.794158163,10, 0.32 ,0.064905927,4596771000,0.896296629
268,53.81750458,0.681306172,195.9684751, 0.27 ,0.08544938,3693845000,0.720240539
269,1.519727848,0.548373235,21.31664836, 0.76 ,0.342752908,2053992000,0.400495501
270,25.91848966,0.682702546,34369.48, 0.30 ,0.096672177,1496754000,0.291843027
271,2.4858331,0.781289946,10, 1.26 ,0.274927416,9316597000,1.81658701
272,1.515132475,0.540799455,10, 0.88 ,0.404595536,2264476000,0.441536506
273,2.385370815,0.863745059,12.38905877, 2.44 ,0.331945049,5158431000,1.005811322
274,2.998913125,0.504644154,183.7220766, 0.13 ,0.064226595,2905838000,0.566591811
275,2.527098285,0.717838065,10, 0.38 ,0.10780349,5446845000,1.062047427
276,4.624530426,0.593443599,10, 0.15 ,0.05989504,15668131000,3.055034283
277,2.119831986,0.574134334,5.16985457, 0.27 ,0.113636595,50749350000,9.895309409
278,2.127051271,0.566852577,7.216313433, 0.82 ,0.355793456,2028397000,0.395504887
279,3.343766283,0.568021808,29.19808749, 2.57 ,1.111769112,3252039000,0.634095454
280,2.956273588,0.740021928,10, 0.45 ,0.116976177,7473104000,1.457135438
281,1.698731385,0.703069497,5.547319282, 0.30 ,0.089170227,2813785000,0.548642952
282,3.705293943,0.531703504,5.327274746, 0.62 ,0.289338922,1190516000,0.232131528
283,3.018038504,0.653384695,6.380985555, 0.65 ,0.224579953,2258623000,0.440395265
284,44.47318297,0.615456963,162.4403785, 0.23 ,0.088143764,8527004000,1.662629037
285,2.390466511,0.92808053,22.59484067, 0.37 ,0.026937119,4509472000,0.879274724
286,2.732145718,0.516199001,70.16989146, 0.19 ,0.092054517,1199963000,0.233973542
287,1.876732556,0.679095847,8.148401083, 0.37 ,0.117298654,2228385000,0.43449934
288,3.965482267,0.874514494,10, 0.77 ,0.096442759,4183993000,0.815811538
289,1.977531653,0.598009051,10, 1.22 ,0.492341063,3211865000,0.626262168
290,33.79311892,0.606988465,25.31322978, 0.30 ,0.119141111,1900558000,0.370578332
291,1.914000538,0.516257096,10, 0.08 ,0.039139567,1454811000,0.283664815
292,1.843698375,0.544834888,10.64532858, 0.39 ,0.178294505,3900329000,0.760501607
293,3.319793457,0.777547394,10, 0.73 ,0.161847501,1376983000,0.268489603
294,1.593132558,0.61239662,10, 0.60 ,0.232308752,2229800000,0.434775242
295,7.736820989,0.767490585,4.625801147, 0.50 ,0.116794205,2569053000,0.500924136
296,3.638720819,0.705461142,10, 0.50 ,0.147227561,7974779000,1.554954018
297,4.414499834,0.506758989,12.36416241, 0.61 ,0.302837227,1087566000,0.212057929
298,11.78090191,0.982759817,10, 7.87 ,0.135687585,12267750000,2.392014518
299,3.041030116,0.57111042,6.902481297, 0.23 ,0.096653898,7114982000,1.387307391
300,13.10566501,0.954768437,10, 0.69 ,0.031123414,25639399000,4.999271639
301,1.779994997,0.603312957,109.5697468, 0.41 ,0.16163515,4679899000,0.912505256
302,1.59546024,0.753306594,5.196785841, 0.20 ,0.05040954,6944929000,1.354149783
303,1.787614142,0.524439255,10, 4.42 ,2.100219605,2148750000,0.418971792
304,4.115763337,0.546258613,26.27435102, 1.10 ,0.499938439,6246554000,1.217977857
305,24.81104621,0.91335399,10, 3.00 ,0.259615903,38165083000,7.441579151
306,2.00675117,0.686944261,10, 2.04 ,0.639390296,3374045000,0.657884667
307,14.11884091,0.840529304,10, 0.53 ,0.084126609,36733909000,7.162523172
308,3.538967973,0.771670618,10, 1.54 ,0.352699131,13787274000,2.688297331
309,1.783851454,0.671672019,10, 1.25 ,0.409586295,5887201000,1.147909785
310,46.34423829,0.653547956,10, 0.56 ,0.194279352,8917806000,1.73882916
311,2.193859522,0.633719683,4.777951125, 0.58 ,0.212122664,2402776000,0.468502788
312,13.37367627,0.947637744,223.9984783, 0.90 ,0.046959709,17148183000,3.343620688
313,10.94454688,0.670426158,6.170907605, 0.26 ,0.084061097,16519573000,3.221051819
314,1.615859519,0.721569927,311.1348991, 0.69 ,0.193007587,3159129000,0.615979494
315,66.67980632,0.954562261,8.047536004, 1.03 ,0.046845857,26640846000,5.194537744
316,3.150706972,0.634072648,10, 0.62 ,0.225342536,8204646000,1.599774396
317,10,0.545913097,12970.43212, 3.48 ,1.578274746,13559878000,2.643958757
318,2.338213338,0.696879106,25.14422214, 0.93 ,0.280863099,2695254000,0.525531308
319,1.648197077,0.603516006,10, 0.78 ,0.309106247,3818306000,0.744508438
320,16.62164416,0.982737521,10, 3.06 ,0.052784997,3784562000,0.737928899
321,2.227255508,0.996123344,10, 10.56 ,0.040943204,1354139000,0.264035389
322,3.800313128,0.813268813,22.27129644, 1.48 ,0.275467049,4321278000,0.842579912
323,2.019486169,0.525583747,10, 0.26 ,0.123599188,12793849000,2.494595387
324,7.094946735,0.800300027,20.7798574, 0.58 ,0.115149682,4143936000,0.808001066
325,2476.390345,0.697479591,10, 0.36 ,0.109042472,1794658000,0.34992953
326,1.522035226,0.512256646,17325.3625, 0.74 ,0.362962828,5115881000,0.997514754
327,1.587143966,0.629841893,10, 0.15 ,0.055691685,3001834000,0.585309491
328,2.307774561,0.948095572,10, 2.21 ,0.114674028,6499191000,1.267238021
