No,Liquidez,Nivel_Endeudamiento,Razón-Cobertura_de_intereses,Rentabilidad del Patrimonio,Rentabilidad del Activo,Capital_de_Trabajo,%K
1,2.664191607,0.363313299,143.4137841,94%,0.600414143," 9,213,459,000.00 ",30.71153
2,0.770624581,0.439944298,10,85%,0.478277457," (689,814,000.00)",-2.29938
3,1.948375415,0.474540631,8.222205502,90%,0.473475872," 42,316,217,000.00 ",141.0540567
4,1.577538003,0.422995558,16.88095687,79%,0.45329779," 6,796,555,000.00 ",22.65518333
5,2.083977872,0.646354847,3.998166773,160%,0.565815205," 12,774,173,000.00 ",42.58057667
6,1.77650305,0.553586016,18.61647331,154%,0.6893477," 691,455,000.00 ",2.30485
7,1.442998515,0.759315734,9.717472488,157%,0.378266057," 19,548,440,000.00 ",65.16146667
8,9.692987631,0.608435239,4.304783397,79%,0.308424172," 169,504,079,000.00 ",565.0135967
9,2.221965778,0.400249424,5.291375303,65%,0.389811345," 6,396,788,000.00 ",21.32262667
10,3.151850583,0.711667632,11.66941864,207%,0.597307596," 16,608,680,000.00 ",55.36226667
11,0.939015093,0.410978628,2.489386795,29%,0.169254834," (882,989,000.00)",-2.943296667
12,1.912645448,0.466762678,19.33499586,95%,0.508918852," 1,310,944,000.00 ",4.369813333
13,1.625178904,0.288858047,3.088978135,22%,0.158789028," 4,056,242,000.00 ",13.52080667
14,1.376010599,0.716194414,34.32899579,111%,0.31408938," 12,903,141,000.00 ",43.01047
15,1.170341545,0.92956692,4.434777916,473%,0.332937975," 20,163,337,000.00 ",67.21112333
16,1.318127998,0.721564546,3.026492487,121%,0.336943343," 10,696,467,000.00 ",35.65489
17,5.206782525,0.637178758,4.690995807,143%,0.519985449," 38,565,927,000.00 ",128.55309
18,1.527650956,0.751270077,4.488227627,147%,0.364601601," 11,990,506,000.00 ",39.96835333
19,2.10708244,0.600903438,6.761386013,70%,0.280223321," 13,740,288,000.00 ",45.80096
20,2.517599422,0.369796733,8.689655172,6%,0.038136202," 667,507,000.00 ",2.225023333
21,0.395878377,0.883833796,0.114487938,7%,0.008697779," (292,825,000.00)",-0.976083333
22,1.813807933,0.593759151,11.89789778,50%,0.203589837," 55,495,652,000.00 ",184.9855067
23,7.533553014,0.332875385,8.679766844,34%,0.225910434," 58,302,487,000.00 ",194.3416233
24,1.666033214,0.633273008,6.065461032,158%,0.578634122," 10,617,031,000.00 ",35.39010333
25,3.067038872,0.32192455,2375.418877,135%,0.913296585," 2,218,805,000.00 ",7.396016667
26,2.241371327,0.545512718,32.1186971,113%,0.513650549," 199,568,802,000.00 ",665.22934
27,4.016934452,0.244579644,79.1821115,80%,0.606025343," 25,135,520,000.00 ",83.78506667
28,1.981949639,0.570741395,15.92246553,103%,0.441012205," 4,188,353,000.00 ",13.96117667
29,1.232735988,0.671104664,27.01805871,170%,0.560412187," 1,447,090,000.00 ",4.823633333
30,3.764561088,0.593105776,9.205241906,291%,1.18228777," 18,719,009,000.00 ",62.39669667
31,2.191126929,0.693748715,29.35970415,193%,0.592343881," 43,367,763,000.00 ",144.55921
32,1.634516562,0.495297733,56.90991633,87%,0.439663364," 1,998,224,000.00 ",6.660746667
33,1.857700457,0.53895431,14.66413184,96%,0.441473467," 36,883,390,000.00 ",122.9446333
34,2.417450736,0.533915352,10,148%,0.691759661," 2,139,245,000.00 ",7.130816667
35,1.196936811,0.834051763,388.6856243,98%,0.162712026," 12,577,113,000.00 ",41.92371
36,2.464660236,0.414564301,4.299826393,71%,0.414790759," 14,337,354,000.00 ",47.79118
37,0.503776174,0.786614543,10,28%,0.058877615," (13,589,481,000.00)",-45.29827
38,1.615845731,0.610886146,48.40708536,93%,0.362387238," 13,034,931,000.00 ",43.44977
39,1.658748549,0.606688157,74.26631327,102%,0.399736018," 28,170,026,000.00 ",93.90008667
40,1.340966837,0.810970206,15.05390286,176%,0.333465297," 10,178,467,000.00 ",33.92822333
41,0.750982814,0.921898752,1.026778772,126%,0.098309369," (6,202,540,000.00)",-20.67513333
42,1.112225102,0.717298141,4.356763172,117%,0.330741688," 19,024,131,000.00 ",63.41377
43,1.333872342,0.576610501,4.335700026,60%,0.25537159," 34,000,928,000.00 ",113.3364267
44,2.456420647,0.572799468,5.864332381,83%,0.356226095," 69,042,282,000.00 ",230.14094
45,0.941839715,0.485264625,10.42325755,74%,0.378972081," (2,698,176,000.00)",-8.99392
46,2.336108325,0.18265106,9.857231265,41%,0.335961709," 42,717,716,000.00 ",142.3923867
47,2.720414343,0.260758529,67.79563554,31%,0.226090291," 22,830,165,000.00 ",76.10055
48,4.079981692,0.326632359,10,54%,0.360950197," 53,819,597,000.00 ",179.3986567
49,1.621978192,0.68609317,2.326228922,104%,0.326556009," 29,027,739,000.00 ",96.75913
50,14.02460655,0.077165961,2.42090436,8%,0.077398951," 3,185,415,000.00 ",10.61805
51,6.740669987,0.165242735,69.32504883,46%,0.382795352," 22,014,947,000.00 ",73.38315667
52,2.65972543,0.335430669,12.70499075,101%,0.674531408," 14,208,448,000.00 ",47.36149333
53,28.90124622,0.029501226,12.61899771,1%,0.01164359," 15,604,888,000.00 ",52.01629333
54,1.558032391,0.333233067,44.51207077,43%,0.286759826," 3,639,355,000.00 ",12.13118333
55,2.343302033,0.612937743,1.301459429,8%,0.031038079," 23,239,191,000.00 ",77.46397
56,1.159453269,0.300246469,2.374596844,13%,0.093810558," 2,762,949,000.00 ",9.20983
57,1.246970694,0.684977422,4.042637456,109%,0.34433168," 8,083,703,000.00 ",26.94567667
58,3.201992284,0.333378605,28.21644804,90%,0.602289091," 14,230,886,000.00 ",47.43628667
59,1.527168079,0.606154149,31.36891723,156%,0.614900367," 1,058,243,000.00 ",3.527476667
60,1.914610047,0.517282506,12.13849885,102%,0.49021484," 3,024,545,000.00 ",10.08181667
61,1.445392142,0.568512892,20.64253194,145%,0.6277382," 7,984,373,000.00 ",26.61457667
62,1.850857554,0.628238396,10,344%,1.278929424," 292,250,000.00 ",0.974166667
63,1.697601177,0.552359628,74.92676129,271%,1.211267916," 365,926,000.00 ",1.219753333
64,3.957511586,0.713260507,10,64%,0.184902641," 611,989,000.00 ",2.039963333
65,6.64876179,0.128822234,10,41%,0.356528406," 4,062,951,000.00 ",13.54317
66,1.762379619,0.559808719,5.31891826,193%,0.851033195," 1,707,940,000.00 ",5.693133333
67,2.172407611,0.421599195,10,26%,0.147968444," 3,498,605,000.00 ",11.66201667
68,2.379771791,0.411792116,18.01136067,140%,0.824776639," 8,544,074,000.00 ",28.48024667
69,5.499387542,0.181175304,22.1341681,17%,0.137477383," 7,871,710,000.00 ",26.23903333
70,3.063690525,0.292545411,10,123%,0.873675377," 1,124,020,000.00 ",3.746733333
71,25.30614979,0.039516086,17.77355683,8%,0.078519013," 2,775,738,000.00 ",9.25246
72,1.214355262,0.707130322,6.190994959,105%,0.30734837," 884,355,000.00 ",2.94785
73,3.19503184,0.283947411,5.971818805,16%,0.117120487," 1,158,540,000.00 ",3.8618
74,1.831369269,0.414395474,12.44219121,31%,0.179119465," 11,241,885,000.00 ",37.47295
75,2.596043731,0.30005107,17.32263665,37%,0.259248667," 1,788,932,000.00 ",5.963106667
76,1.132214972,0.496842348,15.89228048,28%,0.14033426," 224,354,000.00 ",0.747846667
77,2.552791462,0.388439329,6.57888184,60%,0.367057469," 697,222,000.00 ",2.324073333
78,0.992241701,0.844735766,3.895836097,198%,0.306857852," (1,365,351,000.00)",-4.55117
79,2.965261739,0.492521267,8.44907929,43%,0.219374009," 7,319,637,000.00 ",24.39879
80,0.459268973,0.83549375,10,21%,0.034005672," (2,398,300,000.00)",-7.994333333
81,4.164565025,0.224118612,13.43423729,46%,0.356374747," 3,949,605,000.00 ",13.16535
82,10.89668021,0.198839258,10,39%,0.310253904," 3,059,816,000.00 ",10.19938667
83,1.951064352,0.533239098,8.274004314,73%,0.339643423," 7,398,069,000.00 ",24.66023
84,1.871111488,0.524317567,46.33220349,145%,0.691136032," 7,182,924,000.00 ",23.94308
85,1.552252597,0.707007185,19.64098986,183%,0.534762146," 13,808,086,000.00 ",46.02695333
86,1.35178997,0.73975989,10,61%,0.158029778," 327,406,000.00 ",1.091353333
87,1.309717534,0.666243827,10,164%,0.546100049," 745,474,000.00 ",2.484913333
88,5.374656797,0.173201869,53.97519499,65%,0.538411206," 7,294,224,000.00 ",24.31408
89,2.922870358,0.341613237,10,80%,0.52403171," 1,991,363,000.00 ",6.637876667
90,7.417447987,0.163221584,2165.522678,40%,0.335057908," 1,468,864,000.00 ",4.896213333
91,1.532040684,0.499084102,3.558178926,31%,0.157543891," 1,398,553,000.00 ",4.661843333
92,6.627010212,0.513406087,10,73%,0.355189526," 1,246,349,000.00 ",4.154496667
93,1.901681786,0.363765877,9.064987001,53%,0.336100292," 826,468,000.00 ",2.754893333
94,5.254530256,0.679508033,9.020218654,119%,0.381140383," 4,193,950,000.00 ",13.97983333
95,3.898801811,0.256489057,33.94957511,125%,0.930753128," 434,026,000.00 ",1.446753333
96,9.580024619,0.090417431,10,56%,0.512105669," 3,499,037,000.00 ",11.66345667
97,1.572100446,0.539055415,11.36717848,94%,0.432691876," 1,278,343,000.00 ",4.261143333
98,9.721695096,0.573848114,4.062340877,75%,0.320538706," 4,090,475,000.00 ",13.63491667
99,2.533556691,0.465959779,4.725002678,36%,0.193752207," 3,356,517,000.00 ",11.18839
100,1.393762116,0.853356415,4.05634962,46%,0.066727506," 1,743,809,000.00 ",5.812696667
101,1.90721443,0.365994887,10,43%,0.271148574," 2,074,422,000.00 ",6.91474
102,2.214608422,0.501771879,2774513,159%,0.79400815," 1,578,646,000.00 ",5.262153333
103,1.834251272,0.526848841,10,79%,0.375544497," 1,149,066,000.00 ",3.83022
104,3.004305515,0.175006461,44.33867855,28%,0.22961115," 373,813,000.00 ",1.246043333
105,1.659413284,0.568504565,10,161%,0.694766541," 235,975,000.00 ",0.786583333
106,5.360332985,0.881800257,10,135%,0.159645031," 4,865,979,000.00 ",16.21993
107,3.200241959,0.387309455,10,75%,0.45706339," 5,323,316,000.00 ",17.74438667
108,1.525940587,0.479133282,58.08618953,72%,0.374237781," 2,097,460,000.00 ",6.991533333
109,1.167279978,0.789793953,7.98171721,169%,0.356174885," 7,179,254,000.00 ",23.93084667
110,2.266930434,0.345349701,34.48328691,8%,0.054103622," 1,401,576,000.00 ",4.67192
111,3.56354645,0.179090827,2.227961802,28%,0.231073694," 8,198,260,000.00 ",27.32753333
112,1.848346744,0.562558088,46.10872105,53%,0.230948968," 1,315,863,000.00 ",4.38621
113,3.607715649,0.714161428,10,153%,0.437540173," 3,473,665,000.00 ",11.57888333
114,2.029610087,0.460487682,10,26%,0.141712158," 1,476,396,000.00 ",4.92132
115,4.243754684,0.249309048,10,5%,0.034142417," 2,778,477,000.00 ",9.26159
116,3.002247364,0.321295736,10,103%,0.701917804," 3,044,313,000.00 ",10.14771
117,1.561173847,0.523422431,3.245928383,51%,0.244103195," 457,488,000.00 ",1.52496
118,0.694333837,0.551488349,10,12%,0.055895283," (324,177,000.00)",-1.08059
119,2.664187411,0.368000943,10,81%,0.51428555," 852,257,000.00 ",2.840856667
120,2.413871045,0.31132528,10,72%,0.495891539," 530,442,000.00 ",1.76814
121,5.781245298,0.306622447,10,41%,0.283399477," 11,026,484,000.00 ",36.75494667
122,1.633271923,0.644395804,10.5837136,108%,0.385498511," 20,249,971,000.00 ",67.49990333
123,3.414064488,0.259338991,10,91%,0.675366256," 2,068,018,000.00 ",6.893393333
124,1.41545647,0.452702588,26.35501506,62%,0.340458837," 715,974,000.00 ",2.38658
125,2.691391666,0.360149607,8.708807271,69%,0.443823966," 3,956,363,000.00 ",13.18787667
126,1.486944602,0.668319321,22.26782305,172%,0.57199511," 4,667,122,000.00 ",15.55707333
127,2.670455963,0.275790865,9.201256963,41%,0.295011095," 830,387,000.00 ",2.767956667
128,14.6453875,0.135032633,121.8955614,18%,0.156373572," 1,879,734,000.00 ",6.26578
129,3.117835043,0.501418078,10,60%,0.297372591," 3,873,533,000.00 ",12.91177667
130,0.001557098,0.46928025,0,0%,0," (2,307,752,000.00)",-7.692506667
131,7.173029319,0.072162612,50.99041874,24%,0.22255465," 862,829,000.00 ",2.876096667
132,1.844095225,0.440078792,8.181774384,81%,0.455638468," 755,905,000.00 ",2.519683333
133,1.060302342,0.842754512,5.472034483,227%,0.356431827," 1,553,982,000.00 ",5.17994
134,21.57552748,0.674730374,10,93%,0.303430331," 1,812,848,000.00 ",6.042826667
135,3.155368679,0.295713403,10,35%,0.248811522," 845,799,000.00 ",2.81933
136,2.862497154,0.503640545,21.25091622,113%,0.559076422," 2,601,726,000.00 ",8.67242
137,0.43816474,0.88391712,37.46451468,820%,0.951942638," (2,087,368,000.00)",-6.957893333
138,1.266602195,0.763694027,34.35575733,139%,0.328199144," 2,488,563,000.00 ",8.29521
139,1.249469154,0.823000376,10,453%,0.802604312," 188,331,000.00 ",0.62777
140,28.10505967,0.321626592,34.03366209,12%,0.083311989," 1,051,595,000.00 ",3.505316667
141,1.827270832,0.463893834,34.41314906,46%,0.24771404," 480,033,000.00 ",1.60011
142,3.505479296,0.461681328,10,94%,0.508143392," 2,355,133,000.00 ",7.850443333
143,1.266187203,0.946454643,0,0%,0," 113,034,000.00 ",0.37678
144,6.501258925,0.147854823,13.42798705,24%,0.200881224," 318,996,000.00 ",1.06332
145,1.517971301,0.586510888,7.083825357,74%,0.305696331," 1,315,745,000.00 ",4.385816667
146,1.210153873,0.767642198,4.129762594,179%,0.415023531," 1,762,388,000.00 ",5.874626667
147,2.870748648,0.132609892,10,7%,0.058946203," 1,132,323,000.00 ",3.77441
148,1.222079017,0.719052414,5.479287837,76%,0.213058117," 288,788,000.00 ",0.962626667
149,1.250799287,0.651575601,3.775694688,132%,0.461570105," 3,352,178,000.00 ",11.17392667
150,1.877191788,0.596490083,11.95839706,120%,0.484565917," 2,152,469,000.00 ",7.174896667
151,2.276683296,0.706618913,10,86%,0.251183287," 606,242,000.00 ",2.020806667
152,2.633231357,0.457896101,9.261847373,67%,0.363879143," 2,594,014,000.00 ",8.646713333
153,1.059627323,0.582387833,10,274%,1.143213239," 12,611,000.00 ",0.042036667
154,1.653955396,0.605189124,21.70866449,215%,0.849827869," 5,280,835,000.00 ",17.60278333
155,8.607743796,0.110995183,49.05999804,29%,0.259873509," 3,249,488,000.00 ",10.83162667
156,1.394471023,0.700065218,3.937979885,82%,0.24525485," 233,259,000.00 ",0.77753
157,2.041080016,0.455767523,12.89234621,154%,0.84082399," 431,232,000.00 ",1.43744
158,3.615158537,0.458114946,10,24%,0.128252545," 2,245,872,000.00 ",7.48624
159,1.472667535,0.806071644,10,120%,0.23345881," 3,435,817,000.00 ",11.45272333
160,2.079016369,0.487072985,10,320%,1.643830039," 1,060,904,000.00 ",3.536346667
161,1.652875943,0.422311751,30.15122431,87%,0.500967361," 2,133,137,000.00 ",7.110456667
162,2.617294834,0.657654153,10,71%,0.244407398," 5,738,361,000.00 ",19.12787
163,1.472853059,0.68128948,15.87374601,146%,0.466745235," 19,421,523,000.00 ",64.73841
164,5.033843139,0.520448824,19.97888981,128%,0.613938243," 1,831,748,000.00 ",6.105826667
165,4.702600051,0.433248921,10,39%,0.221643827," 23,084,408,000.00 ",76.94802667
166,3.287282125,0.763898184,4.09727706,161%,0.381044731," 22,090,493,000.00 ",73.63497667
167,2.141684067,0.39447559,18.02423478,37%,0.223652862," 1,235,736,000.00 ",4.11912
168,1.160783114,0.721745212,9.779336893,231%,0.642509906," 1,080,609,000.00 ",3.60203
169,7.231384546,0.094158495,3.197710185,58%,0.52905689," 6,660,540,000.00 ",22.2018
170,3.978387101,0.236110713,40.8281731,85%,0.64674154," 7,801,611,000.00 ",26.00537
171,2.654189029,0.674988663,10,42%,0.136296935," 12,463,431,000.00 ",41.54477
172,4.870738344,0.194537729,20.63021589,83%,0.666593601," 1,092,423,000.00 ",3.64141
173,1.407629808,0.551794755,10,199%,0.892860391," 130,744,000.00 ",0.435813333
174,1.52362714,0.61098379,2.952778079,41%,0.160207553," 979,975,000.00 ",3.266583333
175,0.452048961,0.365905689,10,4%,0.027127747," (1,199,284,000.00)",-3.997613333
176,2.167846661,0.420157568,11.23465485,71%,0.409374642," 9,274,696,000.00 ",30.91565333
177,1.078764195,0.872330308,7.374693593,206%,0.262621573," 455,548,000.00 ",1.518493333
178,1.609723208,0.599733836,11.57823736,164%,0.655183223," 1,683,861,000.00 ",5.61287
179,5.489695571,0.104715115,8.157561925,53%,0.478201437," 987,962,000.00 ",3.293206667
180,2.123584358,0.461309967,5.719467074,67%,0.362988316," 4,181,272,000.00 ",13.93757333
181,2.283673926,0.435059301,10,88%,0.494873301," 2,669,984,000.00 ",8.899946667
182,3.750397029,0.242430925,11.91309347,85%,0.641902471," 3,377,130,000.00 ",11.2571
183,1.412998867,0.840361832,10,171%,0.27289733," 986,340,000.00 ",3.2878
184,2.41631324,0.562064071,10,135%,0.593383919," 3,154,808,000.00 ",10.51602667
185,5.918890364,0.488185291,6.547123488,84%,0.430965538," 507,477,000.00 ",1.69159
186,2.400964421,0.542427071,5.539663295,72%,0.328733704," 1,320,748,000.00 ",4.402493333
187,1.45220235,0.846296766,10,348%,0.534904998," 738,531,000.00 ",2.46177
188,12.85371014,0.628148691,58.48473009,133%,0.494764908," 4,812,713,000.00 ",16.04237667
189,2.037755118,0.482722351,51.59666546,97%,0.503807527," 1,415,471,000.00 ",4.718236667
190,1.04114701,0.681033404,9.562470595,123%,0.391547233," 144,080,000.00 ",0.480266667
191,2.912949248,0.271324185,10,27%,0.197834494," 1,278,072,000.00 ",4.26024
192,1.777725499,0.586884932,11.20353293,211%,0.870255231," 310,755,000.00 ",1.03585
193,1.148319941,0.808690855,10,159%,0.304713355," 315,928,000.00 ",1.053093333
194,2.429510285,0.432024052,10,47%,0.264546832," 8,971,638,000.00 ",29.90546
195,1.468633836,0.709577821,7.46994961,121%,0.350711494," 1,923,068,000.00 ",6.410226667
196,2.423004915,0.443301064,10,41%,0.22723778," 722,064,000.00 ",2.40688
197,2.541312297,0.36565891,19.84935403,66%,0.42060374," 1,585,736,000.00 ",5.285786667
198,1.504368384,0.615692735,27.96893282,161%,0.616816086," 2,244,288,000.00 ",7.48096
199,2.235456114,0.459614837,10,68%,0.366007547," 1,329,693,000.00 ",4.43231
200,2.82359899,0.341738914,9.846130452,78%,0.511562913," 3,504,319,000.00 ",11.68106333
201,1.805239382,0.536735941,10,97%,0.447609372," 389,665,000.00 ",1.298883333
202,2.010200083,0.435186616,10,46%,0.260194888," 822,415,000.00 ",2.741383333
203,25.95265784,0.580003608,10,17%,0.072308974," 725,249,000.00 ",2.417496667
204,8.482727872,0.547970329,4.705802081,84%,0.37812087," 1,351,014,000.00 ",4.50338
205,0.908611544,0.848335473,2.108742629,192%,0.291892833," (4,265,317,000.00)",-14.21772333
206,5.640701432,0.175437147,10,36%,0.297910647," 7,604,736,000.00 ",25.34912
207,2.684193014,0.262591923,10,42%,0.310479999," 1,483,033,000.00 ",4.943443333
208,2.230960578,0.379323793,10,66%,0.407811957," 955,074,000.00 ",3.18358
209,33.47193371,0.029579794,10,10%,0.094662934," 278,252,000.00 ",0.927506667
210,1.712601928,0.528983645,10,86%,0.403564688," 18,575,651,000.00 ",61.91883667
211,1.937106038,0.516132836,10,49%,0.237444189," 582,477,000.00 ",1.94159
212,1.918025176,0.399215934,9.822480708,88%,0.528445503," 1,854,734,000.00 ",6.182446667
213,2.106803899,0.436078494,16.00807574,78%,0.441186991," 6,910,795,000.00 ",23.03598333
214,3.754797569,0.604047032,10,63%,0.248499331," 1,380,250,000.00 ",4.600833333
215,3.309496246,0.376001865,41.66314554,45%,0.283343803," 2,340,104,000.00 ",7.800346667
216,22.44711076,0.024651299,12.79530885,23%,0.225984139," 602,385,000.00 ",2.00795
217,2.433398749,0.455796939,10,116%,0.631559129," 3,842,674,000.00 ",12.80891333
218,10.66136725,0.291512692,10,188%,1.33032047," 176,233,000.00 ",0.587443333
219,3.246436983,0.489156943,16.35018075,60%,0.307640142," 2,114,497,000.00 ",7.048323333
220,3.018217606,0.638880249,9.056943286,93%,0.334405946," 2,870,965,000.00 ",9.569883333
221,2.328002275,0.286807418,10,42%,0.296406627," 1,779,535,000.00 ",5.931783333
222,1.540636931,0.633333328,12.42981055,161%,0.589283163," 2,273,993,000.00 ",7.579976667
223,6.452894472,0.251991077,22.28492767,83%,0.617962565," 915,481,000.00 ",3.051603333
224,9.063349714,0.078825704,88.7021219,31%,0.28851255," 2,164,195,000.00 ",7.213983333
225,8.237972835,0.426536315,4.576043561,42%,0.24252781," 18,902,603,000.00 ",63.00867667
226,2.824604029,0.32030441,9.331350525,67%,0.452283789," 5,521,104,000.00 ",18.40368
227,1.657777082,0.585726564,5.689520304,86%,0.358300859," 8,667,278,000.00 ",28.89092667
228,8.226389959,0.104909178,10,15%,0.134942845," 8,907,176,000.00 ",29.69058667
229,0.314407278,0.479659284,10,18%,0.094203468," (1,104,108,000.00)",-3.68036
230,1.067437209,0.547322571,4.902189981,60%,0.272324648," 266,986,000.00 ",0.889953333
231,1.811581535,0.697531555,10,36%,0.109245892," 1,790,176,000.00 ",5.967253333
232,1.350887526,0.606213917,10,135%,0.531187314," 304,443,000.00 ",1.01481
233,1.527732201,0.772601927,10,253%,0.574268195," 11,124,104,000.00 ",37.08034667
234,3.968601527,0.25071705,10,56%,0.418648714," 796,645,000.00 ",2.655483333
235,5.15811289,0.449329423,10,91%,0.50181852," 1,199,811,000.00 ",3.99937
236,1.84158999,0.718668921,10,170%,0.478597941," 2,836,165,000.00 ",9.453883333
237,2.970840238,0.211022374,10,25%,0.198588774," 4,772,703,000.00 ",15.90901
238,1.750484317,0.549732058,22.25503438,130%,0.58341375," 899,526,000.00 ",2.99842
239,1.031154891,0.767558169,10,378%,0.878229858," 32,143,000.00 ",0.107143333
240,112.2268523,0.008094054,58.06955381,1%,0.01058468," 3,763,583,000.00 ",12.54527667
241,2.27536945,0.339079974,54.89951192,48%,0.319392166," 5,513,139,000.00 ",18.37713
242,2.469526696,0.394101763,79.78709348,134%,0.814267541," 1,738,888,000.00 ",5.796293333
243,9.131663081,0.247384889,26.21739156,61%,0.455775168," 25,427,003,000.00 ",84.75667667
244,1.606176196,0.631781847,10,12%,0.045974941," 1,769,044,000.00 ",5.896813333
245,2.174288956,0.48641824,10,101%,0.519950878," 19,801,855,000.00 ",66.00618333
246,2.641974992,0.378504718,10,29%,0.183271106," 1,282,059,000.00 ",4.27353
247,4.217956669,0.236886464,10,51%,0.391559247," 1,841,923,000.00 ",6.139743333
248,0.983684565,0.869216912,5.653028449,403%,0.527451298," (484,583,000.00)",-1.615276667
249,1.058939635,0.254325728,18.42424767,17%,0.130084592," 49,032,000.00 ",0.16344
250,2.738568872,0.557031528,3.008216156,81%,0.360211217," 34,148,024,000.00 ",113.8267467
251,1.945275552,0.591892605,4.810760696,47%,0.192430162," 17,774,106,000.00 ",59.24702
252,6.260274897,0.840163007,17.31002076,24%,0.037637776," 779,578,000.00 ",2.598593333
253,2.028374281,0.48600482,10.67291702,73%,0.375699974," 582,283,000.00 ",1.940943333
254,1.972789614,0.526024678,12.86635325,115%,0.543284838," 9,899,111,000.00 ",32.99703667
255,2.562811631,0.522093544,8.224110108,105%,0.502766364," 9,567,575,000.00 ",31.89191667
256,1.589667341,0.538995402,10,61%,0.279472184," 1,712,871,000.00 ",5.70957
257,2.218234027,0.510342161,7.870503597,43%,0.211482699," 1,697,000,000.00 ",5.656666667
258,1.891990887,0.483164954,3.004849588,63%,0.323255201," 2,476,668,000.00 ",8.25556
259,10.68949606,0.554963732,19.11681164,120%,0.533112726," 3,185,635,000.00 ",10.61878333
260,1.899785925,0.859573908,2.878769819,143%,0.201202748," 1,438,315,000.00 ",4.794383333
261,2.25293703,0.411516303,6.677978747,76%,0.447433851," 13,075,503,000.00 ",43.58501
262,18.92592104,0.052809541,10,8%,0.073392309," 6,928,727,000.00 ",23.09575667
263,4.456030499,0.4304304,15.85324568,84%,0.47616764," 3,341,470,000.00 ",11.13823333
264,4.245135944,0.228073797,10,63%,0.486086282," 1,870,068,000.00 ",6.23356
265,1.464361877,0.540621745,16.20643612,57%,0.261995295," 2,728,387,000.00 ",9.094623333
266,0.127451464,0.929206056,3.969468631,59%,0.041558728," (2,774,871,000.00)",-9.24957
267,1.913856868,0.435326197,11.45941111,43%,0.244358186," 747,969,000.00 ",2.49323
268,0.904713005,0.643076211,4.268890406,84%,0.300401274," (128,424,000.00)",-0.42808
269,1.824560597,0.550314541,8.755736915,84%,0.377518602," 13,508,613,000.00 ",45.02871
270,0.795517736,0.911001251,10,116%,0.103236532," (927,023,000.00)",-3.090076667
271,1.4254324,0.828428055,14.06896142,273%,0.467955361," 869,928,000.00 ",2.89976
272,3.542007528,0.275128447,10,83%,0.599918992," 1,016,409,000.00 ",3.38803
273,0.346085462,0.622310441,10,21%,0.07897163," (2,217,366,000.00)",-7.39122
274,3.320457069,0.299928441,6.12717093,77%,0.536951972," 4,146,137,000.00 ",13.82045667
275,1.222965987,0.771434453,1.910984975,151%,0.344697186," 1,767,970,000.00 ",5.893233333
276,2.48453279,0.285211529,10,16%,0.113917558," 2,631,082,000.00 ",8.770273333
277,4.155213353,0.054976765,9.210972851,0%,0.001095653," 1,265,026,000.00 ",4.216753333
278,3.96033303,0.246834958,10,32%,0.241369155," 6,046,720,000.00 ",20.15573333
279,9.692520461,0.08968721,51.66181616,7%,0.067046411," 8,736,522,000.00 ",29.12174
280,1.527168079,0.606154149,31.36891723,156%,0.614900367," 1,058,243,000.00 ",3.527476667
281,3.559921268,0.280635436,18.03792338,34%,0.244968165," 1,096,381,000.00 ",3.654603333
282,3.399102663,0.203916627,10,46%,0.368226159," 3,544,631,000.00 ",11.81543667
283,1.954168292,0.513184692,7.849804295,65%,0.316975968," 4,152,882,000.00 ",13.84294
284,4.435470557,0.597535964,10,51%,0.20604496," 3,200,371,000.00 ",10.66790333
285,1.848436875,0.402103904,10,46%,0.277268723," 2,622,834,000.00 ",8.74278
286,1.846717837,0.538253763,35.49097646,100%,0.463062866," 5,241,379,000.00 ",17.47126333
287,1.314828998,0.559434416,10,90%,0.398139615," 147,158,000.00 ",0.490526667
288,2.513494102,0.359630894,10,103%,0.662079548," 1,205,380,000.00 ",4.017933333
289,2.194219343,0.439243935,6.703891956,105%,0.588406459," 47,624,678,000.00 ",158.7489267
290,1.001514902,0.523279948,67.22582858,205%,0.978449898," 2,064,000.00 ",0.00688
291,3.098696462,0.243129219,41.4379316,47%,0.352404849," 1,060,507,000.00 ",3.535023333
292,1.920633302,0.462011073,10,119%,0.639950109," 5,371,261,000.00 ",17.90420333
293,3.296227466,0.267946259,6.341266099,21%,0.152337591," 4,556,806,000.00 ",15.18935333
294,1.924344114,0.470757954,10,99%,0.523171707," 3,871,045,000.00 ",12.90348333
295,3.904176291,0.365869363,60.00904128,109%,0.690643297," 7,881,827,000.00 ",26.27275667
296,1.489069583,0.297004158,15.17099446,23%,0.164265468," 671,181,000.00 ",2.23727
297,4.239964189,0.352113368,16.81699828,69%,0.447333492," 3,387,321,000.00 ",11.29107
298,3.375800134,0.149650345,10,29%,0.246476936," 325,133,000.00 ",1.083776667
299,4.5517376,0.192076293,51.29383067,66%,0.532694376," 2,356,379,000.00 ",7.854596667
300,2.585303486,0.23462233,79.17158466,43%,0.328022982," 11,826,494,000.00 ",39.42164667
301,1.367572487,0.731215298,8.755282943,227%,0.610557736," 3,530,558,000.00 ",11.76852667
302,2.877758897,0.315715582,10,44%,0.300426712," 2,348,222,000.00 ",7.827406667
303,2.99876481,0.284141054,10,93%,0.669188882," 6,338,429,000.00 ",21.12809667
304,2.088275005,0.446654443,10,120%,0.664791832," 10,090,759,000.00 ",33.63586333
305,3.679377379,0.276699794,25.46550207,89%,0.643917906," 1,136,265,000.00 ",3.78755
306,6.865758293,0.225263089,15.77064179,45%,0.346605001," 2,644,102,000.00 ",8.813673333
307,1.022827541,0.436423717,16.83247514,92%,0.518892207," 29,938,000.00 ",0.099793333
308,1.46626262,0.60726893,70.75462646,33%,0.129406913," 225,873,000.00 ",0.75291
309,0.338816601,0.676166765,10,46%,0.150499639," (249,243,000.00)",-0.83081
310,3.093852341,0.268050369,10,10%,0.075383284," 992,932,000.00 ",3.309773333
311,2.22176734,0.486772767,6.449331916,122%,0.626038234," 4,205,223,000.00 ",14.01741
312,1.596846061,0.660818284,7.861226507,148%,0.500406558," 1,669,271,000.00 ",5.564236667
313,2.385903344,0.396434703,7.905167894,58%,0.350037183," 24,133,317,000.00 ",80.44439
314,7.428592959,0.221432853,10,51%,0.393268022," 3,753,514,000.00 ",12.51171333
315,30.45878365,0.025585066,10,11%,0.107660693," 3,050,133,000.00 ",10.16711
316,2.132199061,0.20047736,31.82122209,16%,0.12959722," 1,134,057,000.00 ",3.78019
317,1.36835055,0.69523618,10,98%,0.299081337," 17,267,985,000.00 ",57.55995
318,0.248528068,0.466562382,3.432063987,27%,0.142511721," (630,893,000.00)",-2.102976667
319,1.6899224,0.50013398,8.742411397,67%,0.335595637," 1,134,467,000.00 ",3.781556667
320,2.161594231,0.36953965,5.014782099,34%,0.212665135," 4,055,956,000.00 ",13.51985333
321,2.66370902,0.534607245,9.152314318,79%,0.367106042," 3,409,755,000.00 ",11.36585
322,1.655318892,0.750729852,58.19813681,211%,0.526096986," 1,365,602,000.00 ",4.552006667
323,1.875984303,0.402363707,9.48544141,43%,0.257995556," 5,758,225,000.00 ",19.19408333
324,2.637826031,0.377337501,10,34%,0.212939629," 2,358,232,000.00 ",7.860773333
325,4.344536944,0.411248097,35.94544677,83%,0.486591624," 10,745,539,000.00 ",35.81846333
326,1.470732558,0.672845537,10,61%,0.19905947," 2,692,602,000.00 ",8.97534
327,3.060237733,0.308340433,6.752454653,75%,0.515569211," 6,361,326,000.00 ",21.20442
328,4.454771923,0.218250351,13.68015235,86%,0.672811797," 990,186,000.00 ",3.30062
329,1.931638862,0.468865033,10,109%,0.579810003," 790,408,000.00 ",2.634693333
330,1.16880256,0.543785909,3.750861997,74%,0.336748109," 2,137,271,000.00 ",7.124236667
331,2.350211823,0.501263186,10.0249215,83%,0.415071182," 11,240,986,000.00 ",37.46995333
332,1.978759222,0.34101444,10,33%,0.217422307," 1,662,816,000.00 ",5.54272
333,3.739679188,0.266472885,10,22%,0.160049615," 1,554,420,000.00 ",5.1814
334,3.142946975,0.30855734,11.83113078,56%,0.383939343," 3,775,909,000.00 ",12.58636333
335,4.457021161,0.223064649,23.29900042,37%,0.289213104," 1,777,462,000.00 ",5.924873333
336,2.015128691,0.488311732,10,100%,0.513757313," 3,079,669,000.00 ",10.26556333
337,1.140184796,0.243375462,10,42%,0.31405389," 145,862,000.00 ",0.486206667
338,4.365427456,0.23665629,10,1%,0.005817727," 164,667,000.00 ",0.54889
339,2.1339182,0.450124749,8.483574895,88%,0.482353226," 2,463,782,000.00 ",8.212606667
340,0.610918983,0.53135914,9.214188789,84%,0.391527656," (807,682,000.00)",-2.692273333
341,3.262712333,0.28091589,35.83844112,75%,0.53580305," 3,396,071,000.00 ",11.32023667
342,2.027580366,0.535188865,21.47204824,71%,0.331330022," 6,782,462,000.00 ",22.60820667
343,1.345632153,0.776598861,3.843623206,140%,0.313275753," 482,442,000.00 ",1.60814
344,4.995811681,0.653163186,6.560269151,224%,0.777249638," 2,623,602,000.00 ",8.74534
345,3.103144105,0.280484907,15.03883347,72%,0.516323737," 15,598,065,000.00 ",51.99355
346,2.354796028,0.463908199,0,0%,0," 249,842,000.00 ",0.832806667
347,2.262392466,0.411284471,10,76%,0.44758826," 1,145,630,000.00 ",3.818766667
348,1.83456624,0.750269346,2.545525811,139%,0.34610288," 942,484,000.00 ",3.141613333
349,0.790279691,0.968635355,10,848%,0.265861544," (554,835,000.00)",-1.84945
350,3.489563121,0.533541538,8.330749901,68%,0.318276657," 5,243,600,000.00 ",17.47866667
351,1.380617369,0.671072029,9.06624651,66%,0.217809," 1,890,681,000.00 ",6.30227
352,1.68972982,0.615912649,15.86677641,146%,0.561494344," 9,676,021,000.00 ",32.25340333
353,1.264295033,0.94051042,3.205863741,797%,0.473887603," 1,101,652,000.00 ",3.672173333
354,0.960481171,0.682626086,9.790964246,104%,0.329507103," (129,822,000.00)",-0.43274
355,1.632312124,0.406234916,10,58%,0.346743691," 758,846,000.00 ",2.529486667
356,2.000325307,0.732277457,10,142%,0.379809064," 5,759,515,000.00 ",19.19838333
357,5.086111577,0.132339747,5.703869112,66%,0.572797623," 1,608,269,000.00 ",5.360896667
358,6.503512242,0.081731168,6.630809468,34%,0.312272168," 1,171,296,000.00 ",3.90432
359,5.574837929,0.098368189,6.36705697,42%,0.376773519," 1,364,084,000.00 ",4.546946667
360,9.642344953,0.392284434,10,77%,0.465554077," 2,362,264,000.00 ",7.874213333
361,3.020343299,0.267324553,31.154549,95%,0.697417468," 1,367,930,000.00 ",4.559766667
362,4.950527209,0.597289514,13.29999552,49%,0.19767226," 2,326,663,000.00 ",7.755543333
363,5.166257445,0.226587157,35.77183494,24%,0.183724072," 2,180,415,000.00 ",7.26805
364,2.068370424,0.389816723,10,68%,0.415147596," 4,664,001,000.00 ",15.54667
365,1.807488949,0.673420425,19.50216115,116%,0.379855582," 987,194,000.00 ",3.290646667
366,5.462359937,0.605565808,2.975282943,99%,0.391023725," 2,002,783,000.00 ",6.675943333
367,3.767673826,0.125566141,774.0129184,21%,0.183236931," 1,396,809,000.00 ",4.65603
368,0.757040843,0.700543372,26.5086974,216%,0.645427029," (5,589,134,000.00)",-18.63044667
369,1.891088331,0.559260292,108.1819633,207%,0.911306467," 861,604,000.00 ",2.872013333
370,4.053718004,0.607661024,37.4259076,101%,0.397311592," 867,204,000.00 ",2.89068
371,1.563085717,0.6685196,9.527524414,162%,0.536584513," 6,815,576,000.00 ",22.71858667
372,2.070243143,0.478566476,10,85%,0.442228593," 4,409,177,000.00 ",14.69725667
373,7.271286112,0.559350438,12.27702649,69%,0.304637274," 4,749,916,000.00 ",15.83305333
374,1.411173461,0.532203244,10,93%,0.434991523," 2,657,794,000.00 ",8.859313333
375,2.832054485,0.326337757,35.52044701,122%,0.82239903," 2,001,078,000.00 ",6.67026
376,1.831896953,0.421011497,10,61%,0.353139963," 599,143,000.00 ",1.997143333
377,1.067008864,0.838653186,1.247293179,155%,0.249942065," 933,641,000.00 ",3.112136667
378,2.892147835,0.473374002,18.84317214,105%,0.554005579," 10,514,043,000.00 ",35.04681
379,1.07633995,0.697565499,17.11620214,449%,1.356936031," 103,745,000.00 ",0.345816667
380,1.213485477,0.762603772,14.39553003,203%,0.481120714," 3,225,418,000.00 ",10.75139333
381,1.167404917,0.855978935,10,470%,0.676811814," 346,601,000.00 ",1.155336667
382,1.414261812,0.964467518,4.146996851,794%,0.282216928," 1,848,285,000.00 ",6.16095
383,3.429481138,0.398276281,46.58587431,77%,0.464338569," 1,229,626,000.00 ",4.098753333
384,1.004311521,0.834992959,10,41%,0.068289299," 42,670,000.00 ",0.142233333
385,1.336295383,0.733462921,10,136%,0.361261977," 8,340,825,000.00 ",27.80275
386,2.731090384,0.473042202,10,74%,0.39230493," 743,853,000.00 ",2.47951
387,1.241583585,0.757886053,10,134%,0.323567834," 563,263,000.00 ",1.877543333
388,20.68569786,0.903970308,5.942352022,40%,0.03828611," 37,021,199,000.00 ",123.4039967
389,2.104015917,0.624315215,3.413711955,108%,0.40420281," 3,028,107,000.00 ",10.09369
390,1.379318133,0.698178505,2.972638714,82%,0.246920354," 11,225,314,000.00 ",37.41771333
391,1.784961206,0.497271065,10,60%,0.300387179," 1,533,052,000.00 ",5.110173333
392,9.886508343,0.12752465,10,26%,0.231166617," 6,742,576,000.00 ",22.47525333
393,15.8543996,0.656918886,32.81633971,118%,0.404330004," 235,160,000.00 ",0.783866667
394,22.1348858,0.775926803,4.21746581,126%,0.283242907," 5,528,083,000.00 ",18.42694333
395,1.818772817,0.473865855,10,27%,0.141521224," 799,756,000.00 ",2.665853333
396,1.842575377,0.734498982,13.02608001,267%,0.707925756," 1,038,202,000.00 ",3.460673333
397,1.810796863,0.440418465,12.3542205,83%,0.466084846," 685,022,000.00 ",2.283406667
398,2.055269179,0.495435448,83.97137872,140%,0.70737207," 4,054,818,000.00 ",13.51606
399,1.367789075,0.664720893,7.259727811,103%,0.345902006," 1,032,100,000.00 ",3.440333333
400,1.750549512,0.489795464,10,142%,0.726275653," 1,827,161,000.00 ",6.090536667
401,2.031989936,0.471041128,3.462119456,66%,0.350596978," 2,815,509,000.00 ",9.38503
402,1.89938147,0.50205753,44.71467384,60%,0.298527817," 7,069,946,000.00 ",23.56648667
403,4.077228441,0.225239878,10,68%,0.530619519," 890,673,000.00 ",2.96891
404,2.042639158,0.459952493,5.346876656,54%,0.290879281," 466,556,000.00 ",1.555186667
405,2.477599435,0.362946965,7.823959836,53%,0.338394942," 9,487,895,000.00 ",31.62631667
406,19.58497053,0.616273356,10,26%,0.099527881," 4,659,884,000.00 ",15.53294667
407,3.067869091,0.715237361,10,67%,0.191408721," 1,597,189,000.00 ",5.323963333
408,2.942426339,0.708837524,2.952471121,69%,0.201352297," 12,364,544,000.00 ",41.21514667
409,3.762773568,0.375354323,10,68%,0.426767762," 6,055,262,000.00 ",20.18420667
410,2.385969652,0.43994649,21.55992753,75%,0.41968806," 1,164,640,000.00 ",3.882133333
411,1.444251737,0.446403677,12.37933243,76%,0.419534846," 411,115,000.00 ",1.370383333
412,3.555543041,0.275477274,10,55%,0.395393235," 2,200,918,000.00 ",7.336393333
413,2.211111336,0.455134944,12.57239914,70%,0.38116542," 5,571,467,000.00 ",18.57155667
414,1.269211037,0.770600514,13.46475298,10%,0.022265271," 1,008,555,000.00 ",3.36185
415,3.01145641,0.524829512,28.63211536,104%,0.492864919," 10,270,597,000.00 ",34.23532333
416,1.353417381,0.553507769,3.976245552,49%,0.21829283," 542,079,000.00 ",1.80693
417,1.050847811,0.951322029,10,23%,0.011141298," 591,888,000.00 ",1.97296
418,7.649375349,0.643117705,7.421249303,104%,0.371208393," 7,586,658,000.00 ",25.28886
419,8.680475723,0.617966631,10,137%,0.5221824," 5,471,809,000.00 ",18.23936333
420,10,0.697431943,51.10634328,290%,0.878054253," 216,483,000.00 ",0.72161
421,1.768030595,0.965911236,6.393670079,1728%,0.588909873," 1,424,047,000.00 ",4.746823333
422,1.484670492,0.691474438,4.694942343,139%,0.427844342," 10,377,767,000.00 ",34.59255667
423,1.142527798,0.859071491,10,215%,0.302917059," 1,637,510,000.00 ",5.458366667
424,1.091083572,0.788894539,15.76939049,235%,0.495080655," 432,095,000.00 ",1.440316667
425,2.025857006,0.479490477,13.55949132,83%,0.429790408," 4,186,981,000.00 ",13.95660333
426,8.622664322,0.273268238,53.2521185,44%,0.320197041," 6,865,749,000.00 ",22.88583
427,1.555463844,0.677704493,4.524282583,120%,0.385911082," 4,586,886,000.00 ",15.28962
428,1.375194076,0.653731903,13.59714264,192%,0.663721996," 879,623,000.00 ",2.932076667
429,0.914179854,0.710254277,7.583786097,110%,0.318493743," (206,448,000.00)",-0.68816
430,4.245319678,0.210020097,36.35512826,167%,1.3181368," 825,142,000.00 ",2.750473333
431,1.456782129,0.667590716,10,176%,0.584528881," 2,328,430,000.00 ",7.761433333
432,2.547429532,0.660223095,10,132%,0.448051517," 1,813,835,000.00 ",6.046116667
433,2.195199576,0.361430355,10,92%,0.586034415," 1,302,005,000.00 ",4.340016667
434,1.516055511,0.635544197,10,114%,0.416026315," 17,123,450,000.00 ",57.07816667
435,1.380933219,0.589853953,6.632924519,119%,0.488277196," 3,342,625,000.00 ",11.14208333
436,2.227362587,0.383811478,7.956537518,52%,0.322621647," 3,914,441,000.00 ",13.04813667
437,1.523617962,0.475534144,10,66%,0.344009174," 4,758,473,000.00 ",15.86157667
438,1.217744121,0.790156883,1.443648225,103%,0.215521104," 5,311,595,000.00 ",17.70531667
439,1.686124654,0.584177376,5.57168734,95%,0.394297381," 2,840,154,000.00 ",9.46718
440,9.283833062,0.091013338,6.330255345,21%,0.18910416," 4,288,938,000.00 ",14.29646
441,5.403887776,0.180222242,10,41%,0.3360209," 1,863,831,000.00 ",6.21277
442,10.58231186,0.864684241,14.26779318,75%,0.100971397," 2,797,853,000.00 ",9.326176667
443,4.930177844,0.181343826,10,30%,0.24824424," 3,334,300,000.00 ",11.11433333
444,1.4479481,0.703681309,10,156%,0.461579916," 4,382,399,000.00 ",14.60799667
445,2.022572324,0.430066687,2.068729672,29%,0.166125811," 17,871,972,000.00 ",59.57324
446,1.612916823,0.601025793,11.88831023,83%,0.330630235," 1,459,879,000.00 ",4.866263333
447,3.414991162,0.487509923,10,102%,0.523019087," 2,307,483,000.00 ",7.69161
448,1.318108396,0.613916958,1015.673401,33%,0.129274749," 911,225,000.00 ",3.037416667
449,4.21947043,0.810019133,10,208%,0.394550797," 7,022,193,000.00 ",23.40731
450,2.029947934,0.797484482,4.600031172,101%,0.204371153," 18,239,693,000.00 ",60.79897667
451,2.447815692,0.722426295,9.406681763,150%,0.415841447," 4,922,278,000.00 ",16.40759333
452,17.32414737,0.93467173,4.008205455,432%,0.282369749," 6,784,283,000.00 ",22.61427667
453,2.384525926,0.706474477,10,76%,0.224115275," 18,242,263,000.00 ",60.80754333
454,1.570504096,0.570159316,3.743522482,50%,0.214108093," 830,367,000.00 ",2.76789
455,2.193405518,0.502954893,10,205%,1.019008327," 599,808,000.00 ",1.99936
456,1.720264979,0.687516757,19.7932621,155%,0.485736627," 2,491,277,000.00 ",8.304256667
457,1.884109584,0.823220996,10,203%,0.35869329," 21,994,857,000.00 ",73.31619
458,3.165498857,0.369446951,30.26648509,97%,0.611152931," 3,017,915,000.00 ",10.05971667
459,1.165213228,0.757629738,38.61269291,138%,0.33495659," 482,456,000.00 ",1.608186667
460,0.001662559,0.255614351,0,0%,0," (477,984,000.00)",-1.59328
461,1.303599573,0.730416834,10,25%,0.068254706," 425,714,000.00 ",1.419046667
462,1.520676593,0.59254998,10,56%,0.229185239," 782,516,000.00 ",2.608386667
463,3.38216019,0.638722925,4.34292314,71%,0.257031448," 2,014,469,000.00 ",6.714896667
464,3.146607738,0.296786581,10,133%,0.937636329," 1,693,139,000.00 ",5.643796667
465,0.83651348,0.611535548,7.00336318,18%,0.068277524," (713,507,000.00)",-2.378356667
466,1.841546127,0.530649886,850.5832788,93%,0.438662539," 14,561,993,000.00 ",48.53997667
467,2.398343141,0.416954515,10,91%,0.531433207," 529,677,000.00 ",1.76559
468,1.643495067,0.603463293,10.72757282,22%,0.088640787," 2,279,737,000.00 ",7.599123333
469,1.858148114,0.87108894,3.487708293,193%,0.248369956," 5,339,770,000.00 ",17.79923333
470,1.993141338,0.488421022,5.453383708,175%,0.894961118," 2,719,653,000.00 ",9.06551
471,1.983196828,0.487408241,10,15%,0.074699177," 674,884,000.00 ",2.249613333
472,1.244137583,0.691121154,6.199454862,182%,0.562780016," 1,378,486,000.00 ",4.594953333
473,2.508404633,0.421881568,181.5097229,30%,0.170761419," 4,945,199,000.00 ",16.48399667
474,1.216180271,0.822098548,10,239%,0.425111131," 1,295,641,000.00 ",4.318803333
475,3.505225773,0.328127308,10,33%,0.224764996," 2,133,801,000.00 ",7.11267
476,1.685674357,0.652982281,3.486724136,75%,0.259860766," 7,283,148,000.00 ",24.27716
477,10,0.363230545,0,0%,0," 55,805,000.00 ",0.186016667
478,0.473787251,0.75720917,3.662855895,92%,0.223889182," (5,563,760,000.00)",-18.54586667
479,4.862127293,0.205223113,3.831808021,13%,0.099789604," 11,423,207,000.00 ",38.07735667
480,2.833450846,0.870008054,1.878798833,260%,0.337502241," 6,017,206,000.00 ",20.05735333
481,1.361248489,0.65719038,13.68688462,69%,0.235208549," 289,036,000.00 ",0.963453333
482,5.083603202,0.646140969,10,145%,0.511785909," 6,703,398,000.00 ",22.34466
483,1.823016501,0.664330473,7.559605693,123%,0.41169284," 2,123,548,000.00 ",7.078493333
484,1.394773692,0.693702637,4.446523345,114%,0.350448736," 4,614,818,000.00 ",15.38272667
485,1.051551755,0.935387399,9.351208628,230%,0.148500081," 40,826,000.00 ",0.136086667
486,1.171359703,0.643936718,10,227%,0.80926129," 1,818,323,000.00 ",6.061076667
487,1.199650686,0.867077671,6.208120433,246%,0.326442938," 1,035,537,000.00 ",3.45179
488,2.14713699,0.658857203,17.79354839,86%,0.292377823," 4,748,000.00 ",0.015826667
489,1.28696845,0.724292795,10,51%,0.140129962," 6,128,939,000.00 ",20.42979667
490,1.730689674,0.793500948,13.10660884,271%,0.560560768," 9,203,176,000.00 ",30.67725333
