SECTOR,NUMERO,ID,TALLOS,DIVISION,CLASE,ORDEN ,FAMILIA,GENERO,NOMRBE CIENTIFICO,NOMBRE COMUN,CAP (cm),DAP (m),ALTURA (m),ALTURA COMERCIAL (m),ABASAL(m2),VOL TOTAL (m3),VOLUMEN COMERCIAL (m3),DIAMETROD E COPA (m),RADIO DE COPA (m),ESTADO MECANICO,ESTADO FITOSANITARIO,PRESENCIA EPIFITAS VASCULARES,TRATAMIENTO,X BOGOTA,YBOGOTA,X NACIONAL,Y NACIONAL,ASNM
NT8,1,NT08 (Sitio Trr),A,Magnoliophyta,Magnoliopsida,Fabales,Fabaceae,Inga,Inga edulis,Guamo,44,0.140056022,4,2,0.015406162,0.03697479,0.018487395,5.2,2.6,Regular,Regular,No,Tala,1122926,1221203,5003756,2286765,1690
NT8,1,NT08 (Sitio Trr),B,Magnoliophyta,Magnoliopsida,Fabales,Fabaceae,Inga,Inga edulis,Guamo,34,0.108225108,4,2,0.009199134,0.022077922,0.011038961,5.2,2.6,Regular,Regular,No,Tala,1122926,1221203,5003756,2286765,1690
NT8,02,NT8-02,A,Magnoliophyta,Magnoliopsida,Fabales,Fabaceae,Inga,Inga edulis,Guamo,40,0.127323657,4,1.3,0.012732366,0.030557678,0.009931245,4,2,Regular,B,No,Tala,1122927,1221199,5003757,2286761,1690
NT8,02,NT8-02,B,Magnoliophyta,Magnoliopsida,Fabales,Fabaceae,Inga,Inga edulis,Guamo,40,0.127323657,4,1.3,0.012732366,0.030557678,0.009931245,4,2,Regular,B,No,Tala,1122927,1221199,5003757,2286761,1690
NT8,02,NT8-02,C,Magnoliophyta,Magnoliopsida,Fabales,Fabaceae,Inga,Inga edulis,Guamo,28,0.08912656,4,1.3,0.006238859,0.014973262,0.00486631,4,2,Regular,B,No,Tala,1122927,1221199,5003757,2286761,1690
NT8,03,NT8-03,A,Magnoliophyta,Magnoliopsida,Fabales,Fabaceae,Inga,Inga edulis,Guamo,58,0.184619302,6,2.1,0.026769799,0.096371276,0.033729947,8,4,Regular,Regular,No,Tala,1122935,1221202,5003765,2286764,1690
NT8,03,NT8-03,B,Magnoliophyta,Magnoliopsida,Fabales,Fabaceae,Inga,Inga edulis,Guamo,40,0.127323657,6,1.3,0.012732366,0.045836516,0.009931245,8,4,Regular,Regular,No,Tala,1122935,1221202,5003765,2286764,1690
NT8,03,NT8-03,C,Magnoliophyta,Magnoliopsida,Fabales,Fabaceae,Inga,Inga edulis,Guamo,55,0.175070028,6,1.8,0.024072129,0.086659664,0.025997899,8,4,Regular,Regular,No,Tala,1122935,1221202,5003765,2286764,1690
NT8,04,NT8-04,A,Magnoliophyta,Magnoliopsida,Fabales,Fabaceae,Inga,Inga edulis,Guamo,30,0.095492743,5,3,0.007161956,0.021485867,0.01289152,10,5,Regular,Regular,No,Tala,1122937,1221212,5003767,2286774,1690
NT8,04,NT8-04,B,Magnoliophyta,Magnoliopsida,Fabales,Fabaceae,Inga,Inga edulis,Guamo,42,0.13368984,5,3,0.014037433,0.042112299,0.02526738,10,5,Regular,Regular,No,Tala,1122937,1221212,5003767,2286774,1690
NT8,04,NT8-04,C,Magnoliophyta,Magnoliopsida,Fabales,Fabaceae,Inga,Inga edulis,Guamo,38,0.120957474,5,2,0.01149096,0.03447288,0.013789152,10,5,Regular,Regular,No,Tala,1122937,1221212,5003767,2286774,1690
NT8,04,NT8-04,D,Magnoliophyta,Magnoliopsida,Fabales,Fabaceae,Inga,Inga edulis,Guamo,42,0.13368984,5,2,0.014037433,0.042112299,0.01684492,10,5,Regular,Regular,No,Tala,1122937,1221212,5003767,2286774,1690
NT8,05,NT8-05,A,Magnoliophyta,Magnoliopsida,Fabales,Fabaceae,Inga,Inga edulis,Guamo,42,0.13368984,6,3,0.014037433,0.050534759,0.02526738,8,4,Bueno,Regular,No,Tala,1122939,1221217,5003769,2286779,1690
NT8,05,NT8-05,B,Magnoliophyta,Magnoliopsida,Fabales,Fabaceae,Inga,Inga edulis,Guamo,50,0.159154571,6,3,0.019894321,0.071619557,0.035809778,8,4,Bueno,Regular,No,Tala,1122939,1221217,5003769,2286779,1690
NT8,05,NT8-05,C,Magnoliophyta,Magnoliopsida,Fabales,Fabaceae,Inga,Inga edulis,Guamo,49,0.15597148,6,4,0.019106506,0.068783422,0.045855615,8,4,Bueno,Regular,No,Tala,1122939,1221217,5003769,2286779,1690
NT8,06,NT8-06,A,Magnoliophyta,Magnoliopsida,Fabales,Fabaceae,Inga,Inga edulis,Guamo,56,0.178253119,6,1.3,0.024955437,0.089839572,0.019465241,8,4,Mal (pudricion tallo),Regular,No,Tala,1122946,1221218,5003776,2286780,1690
NT8,06,NT8-06,B,Magnoliophyta,Magnoliopsida,Fabales,Fabaceae,Inga,Inga edulis,Guamo,50,0.159154571,6,1.3,0.019894321,0.071619557,0.015517571,8,4,Mal (pudricion tallo),Regular,No,Tala,1122946,1221218,5003776,2286780,1690
NT8,06,NT8-06,C,Magnoliophyta,Magnoliopsida,Fabales,Fabaceae,Inga,Inga edulis,Guamo,40,0.127323657,6,1.3,0.012732366,0.045836516,0.009931245,8,4,Mal (pudricion tallo),Regular,No,Tala,1122946,1221218,5003776,2286780,1690
NT8,06,NT8-06,D,Magnoliophyta,Magnoliopsida,Fabales,Fabaceae,Inga,Inga edulis,Guamo,38,0.120957474,6,1.3,0.01149096,0.041367456,0.008962949,8,4,Mal (pudricion tallo),Regular,No,Tala,1122946,1221218,5003776,2286780,1690
NT8,07,NT8-07,A,Magnoliophyta,Magnoliopsida,Fabales,Fabaceae,Inga,Inga edulis,Guamo,61,0.194168577,7,1.3,0.029610708,0.124364973,0.023096352,8,4,Mal (pudricion tallo),Regular,No,Tala,1122951,1221220,5003781,2286782,1675
NT8,07,NT8-07,B,Magnoliophyta,Magnoliopsida,Fabales,Fabaceae,Inga,Inga edulis,Guamo,53,0.168703845,7,1.3,0.022353259,0.09388369,0.017435542,8,4,Mal (pudricion tallo),Regular,No,Tala,1122951,1221220,5003781,2286782,1675
NT8,07,NT8-07,C,Magnoliophyta,Magnoliopsida,Fabales,Fabaceae,Inga,Inga edulis,Guamo,42,0.13368984,7,1.3,0.014037433,0.058957219,0.010949198,8,4,Mal (pudricion tallo),Regular,No,Tala,1122951,1221220,5003781,2286782,1674
NT8,08,NT8-08,,Magnoliophyta,Magnoliopsida,Rosales,Cecropiaceae,Cecropia,Cedropia sp.,Yarumo,42,0.13368984,5.5,4,0.014037433,0.046323529,0.03368984,3,1.5,Mal,Regular,No,Tala,1122980,1221248,5003810,2286810,1672
NT8,09,NT8-09,,Magnoliophyta,Magnoliopsida,Myrtales,Myrtaceae,Psidium,Psidium guajava,Guayaba,30,0.095492743,6,2.8,0.007161956,0.02578304,0.012032086,2,1,Mal,Bueno,No,Tala,1122977,1221253,5003807,2286815,1672
NT8,10,NT8-10,,Magnoliophyta,Magnoliopsida,Asterales,Asteraceae,Pipcotocoma,Pipcotocoma discolor,Cenizo,52,0.165520754,7,1.3,0.021517698,0.090374332,0.016783804,6,3,Bueno,Mal,No,Tala,1122979,1221254,5003809,2286816,1672
NT8,11,NT8-11,,Magnoliophyta,Magnoliopsida,Rosales,Moraceae,Ficus,Ficus sp.,Ficus,30,0.095492743,8,6,0.007161956,0.034377387,0.02578304,2,1,Bueno,Bueno,No,Tala,1122980,1221252,5003810,2286814,1672
NT8,12,NT8-12,,Magnoliophyta,Magnoliopsida,Fabales,Fabaceae,Inga,Inga sp.,Inga,79,0.251464222,9,2,0.049664184,0.268186593,0.059597021,6,3,Bueno,Bueno,No,Tala,1123006,1221278,5003836,2286839,1672
NT8,13,NT8-13,,Magnoliophyta,Magnoliopsida,Myrtales,Myrtaceae,Psidium,Psidium guajava,Guayabo,75,0.238731856,8,2,0.044762223,0.214858671,0.053714668,3,1.5,Regular,Regular,No,Tala,1123000,1221277,5003830,2286838,1672
NT8,14,NT8-14,,Magnoliophyta,Magnoliopsida,Rosales,Moraceae,Ficus,Ficus sp,Ficus,79,0.251464222,11,3,0.049664184,0.327783613,0.089395531,10,5,Bueno,Bueno,No,Tala,1123010,1221279,5003840,2286840,1672
TOTAL,,,,,,,,,,,,,,,0.548693341,2.22868602,0.695994079,,,,,,,,,,,
