LI,NE,RCI,RP,RA,CT,%K
1.580997993,0.801532342,3.684312481,1.344434254,0.266826718,75681921000,84.56080559
1.099114635,0.853855094,4.528200612,2.113622725,0.308895194,873495000,0.975972067
3.084443439,0.699785993,6.980795486,0.904832094,0.271643269,3961787000,4.426577654
1.137699967,0.742165549,20.7729811,3.108556277,0.801492901,4052877000,4.52835419
1.219312958,0.667567328,3.220396009,0.532664349,0.177075033,3954219000,4.418121788
1.502442645,0.783772186,7.918790377,0.596011965,0.128874364,70643156000,78.93090056
1.743717433,0.433995199,2.313837713,0.108143929,0.061209983,47605869000,53.19091508
1.320704274,0.56198068,4.537196056,1.166063092,0.510758163,26578038000,29.69613184
1.571194894,0.656250743,9.425199928,0.910998603,0.313155092,34942036000,39.04138101
1.561925924,0.373915942,15.61765229,0.582581161,0.364744777,4209359000,4.703194413
1.846971561,0.422632567,11.30945034,1.293905671,0.747058996,12583509000,14.05978659
19.93936647,0.101618489,10.42501044,0.038982274,0.035020954,3071416000,3.431749721
2.797796428,0.249444626,16.4424813,0.185325025,0.139096693,29337510000,32.77934078
2.153086675,0.361649598,45.43991631,0.684380315,0.436874449,29630595000,33.10681006
1.531473142,0.804926929,8.450800237,1.928942143,0.376284667,1.07072E+11,119.6337475
1.098348485,0.522184403,2.882220087,0.257676259,0.123121736,2041080000,2.280536313
1.637285948,0.54149873,33.59435153,1.095700568,0.502380103,18695476000,20.8888
1.843021443,0.736338091,1348.997389,0.334994166,0.088325201,5119998000,5.720668156
1.682184942,0.467346279,10,0.938116146,0.499691056,1146963000,1.281522905
11.30970361,0.153664469,10,0.188266157,0.159336338,28901687000,32.29238771
1.624077318,0.468350789,4.596250065,0.537257041,0.285632282,85940785000,96.02322346
1.747537598,0.406146179,10,0.625102215,0.371219338,19370722000,21.6432648
1.176074632,0.598751987,4.642460973,0.546795944,0.219400786,5629209000,6.289618994
2.545129719,0.867575557,55.74691554,1.976283726,0.261708272,13613917000,15.21108045
2.188569364,0.364518074,19.82336036,0.950317521,0.603909609,21293257000,23.7913486
1.492305655,0.265268995,53.36475978,0.252164009,0.185272716,2222794000,2.483568715
1.798280541,0.429377893,8.704079109,0.350273277,0.199873675,10017486000,11.19272179
1.145783379,0.644746849,0.865709651,0.36456764,0.129513803,4002827000,4.472432402
2.033663216,0.605541794,23.4013827,1.955997402,0.771559225,2.31279E+11,258.4123531
1.66548825,0.690653741,17.52963041,2.481831981,0.767745439,26538029000,29.65142905
1.480471623,0.577772978,2.524057765,0.500230564,0.211210861,6141383000,6.861880447
1.282840315,0.700230476,10,1.659437344,0.497448743,4534391000,5.066358659
1.816564632,0.485195558,11.928847,1.742393188,0.896991752,4946288000,5.526578771
1.005374224,0.913325769,32.63047675,12.80316693,1.109704651,1886481000,2.1078
1.514155772,0.794951178,14.29760045,3.943376479,0.808584701,88406000000,98.77765363
2.517765809,0.352679265,10,0.827600168,0.535722749,13399216000,14.97119106
3.576925482,0.436690784,16.38326186,0.456601394,0.257207773,9806124000,10.95656313
2.359559289,0.409232304,7.631131628,0.767120288,0.453189885,3287050000,3.672681564
1.726386065,0.697896651,2.75210475,0.905419375,0.273530225,20991366000,23.45404022
2.596786466,0.256184136,683.0131148,0.108539347,0.080733288,15728987000,17.57428715
5.310954597,0.153929583,20.79805937,0.257547045,0.217902936,9996470000,11.16924022
2.015487896,0.199899907,9.180453156,0.191469466,0.153194737,13903190000,15.5342905
1.420427228,0.577122485,3.435653483,0.915485351,0.38713817,87419595000,97.67552514
1.545748314,0.637518268,10,0.69776042,0.252925406,25198337000,28.15456648
1.3751626,0.603275171,8.11329251,2.592996354,1.028706036,6488633000,7.249869274
1.738999073,0.462399356,6.632890408,0.729978451,0.392436886,10514903000,11.74849497
1.724432793,0.536137702,4.008718166,0.547336006,0.253888538,3017782000,3.371823464
2.136429931,0.534873201,0,0,0,8765017000,9.793315084
1.469420425,0.682362191,10,1.647079578,0.523174749,11764180000,13.1443352
2.366272187,0.878373048,1.621481225,2.008043223,0.244232177,27416902000,30.63341006
1.118045192,0.601934857,3.416214136,0.737018335,0.293381309,3257666000,3.639850279
1.820385173,0.550713996,2.859081911,0.230685097,0.103643586,66176329000,73.9400324
2.19458391,0.417162763,333.9548561,0.252331566,0.147068233,91982973000,102.7742715
1.358947827,0.543906538,3.634725722,0.530382543,0.24190401,8436055000,9.425759777
1.435066639,0.665888542,3.260627667,0.723424363,0.241704369,15330069000,17.12856872
4.417475684,0.253930466,17.87838227,0.260482773,0.194338261,40596614000,45.35934525
1.453336879,0.407474215,967.8066731,0.466886435,0.276642252,13388180000,14.95886034
3.116423973,0.951593566,3.395487621,5.005418939,0.242294481,20719778000,23.15058994
2.93818353,0.317859859,20078921,0.754174475,0.514452682,22585172000,25.23482905
2.67605026,0.330952581,4.75346655,0.510627941,0.341634306,27504087000,30.73082346
2.357813039,0.551985747,2.903054523,1.100999138,0.493263306,45919575000,51.30678771
1.376020395,0.563834434,4.263381221,0.448728817,0.195720058,41201133000,46.03478547
1.602946491,0.548382636,18.21163464,2.556101507,1.154379825,10957513000,12.24303128
1.01121614,0.802817831,4.683988346,1.454804538,0.286861515,5621944000,6.281501676
1.626351072,0.370311584,7.848292172,0.406982285,0.256272031,10439134000,11.66383687
2.525570744,0.424026446,12.13279556,0.400109692,0.230452601,6333828000,7.076902793
1.337573703,0.521642943,2.390637898,0.228467101,0.10928885,65011499000,72.63854637
2.836028177,0.40227664,5.801898996,0.487222607,0.291224333,10943567000,12.22744916
3.927457344,0.345084798,6.200544761,0.555580013,0.363857796,27902764000,31.17627263
2.990296729,0.224969227,2.428035659,0.287948237,0.223168745,16737880000,18.7015419
1.558744842,0.502423114,23.27242738,0.711865329,0.354207733,34702552000,38.77380112
1.123533497,0.659348475,5.106497471,0.391377041,0.133323186,14778720000,16.51253631
3.139961757,0.551570663,10,0.488635495,0.219118491,4714890000,5.26803352
1.926537483,0.457073815,5.053853458,1.005558752,0.545944177,25281398000,28.24737207
3.292892889,0.407283976,13.4823808,0.932741509,0.552850839,27004773000,30.17293073
1.117583931,0.686793296,17.39682344,1.19721901,0.374977021,3500858000,3.911573184
1.108746615,0.75649814,14.99173834,2.599610083,0.633009892,20919424000,23.3736581
1.896103418,0.706984004,8.651288057,2.119789932,0.621132359,4330228000,4.838243575
115.446655,0.005257763,0,0,0,2410361000,2.693140782
2.143517625,0.260720003,5.011827131,0.186873812,0.138152071,60325967000,67.40331508
1.564110859,0.602264117,6.584374484,1.30902867,0.520647674,1.93619E+11,216.3336894
2.08064277,0.627840977,9.436772547,1.083091999,0.40308246,87569178000,97.84265698
1.45385479,0.453993963,1.231920419,0.206308548,0.112645713,31079976000,34.72623017
1.377317187,0.54945002,0.982085984,0.176283759,0.079424644,18692244000,20.88518883
3.422309574,0.285527799,16.0980275,0.430248914,0.307400889,31781765000,35.51035196
1.966161116,0.688361643,3.846518332,1.843721202,0.574574247,68582628000,76.62863464
1.59862893,0.496124243,4.696753072,0.56792849,0.286165398,67109826000,74.98304581
2.119348802,0.437074882,11.99295991,0.449382808,0.25296887,34930242000,39.02820335
19.15375513,0.312049872,0,0,0,7056764000,7.884652514
1.142389938,0.87412512,4.836913503,3.295460747,0.414815726,21235148000,23.72642235
5.992232732,0.120591842,111.5639191,0.380184986,0.334337778,11923229000,13.32204358
3.448261376,0.260641143,13.02463485,0.089296365,0.066022058,17564897000,19.62558324
1.611001023,0.665457143,5.044773935,0.904678217,0.302653636,4401253000,4.917601117
1.682335288,0.251215918,9.616007285,0.41661574,0.311955234,15316168000,17.11303687
1.564710762,0.5427378,10,0.926690201,0.4237404,14225504000,15.89441788
1.00298293,0.76741859,0.086553504,0.023986574,0.005578831,23470000,0.026223464
1.740780449,0.865072965,3.460179735,0.639454647,0.086279719,1.12196E+11,125.3584134
2.070998266,0.628414934,10,1.062085931,0.39465527,30548000000,34.13184358
1.580997993,0.801532342,3.684312481,1.344434254,0.266826718,75681921000,84.56080559
1.651702456,0.546616861,10,0.881951079,0.399861748,9280198000,10.36893631
1.400435976,0.699846484,62.57450267,1.895096089,0.568819754,17468418000,19.51778547
1.193819318,0.782880377,6.939042206,2.955668514,0.641733634,11528073000,12.88052849
2.906307193,0.508526199,4.186478208,1.039884086,0.511075784,2960232000,3.307521788
1.027664193,0.884009237,7.0075504,3.282850157,0.380780294,395576000,0.441984358
2.981601537,0.28471083,8.509138549,0.841809247,0.602137038,13297226000,14.85723575
1.273784387,0.599373033,4.882107618,0.834694288,0.334401041,4863994000,5.434630168
2.463239958,0.66378502,3.658084153,1.844781081,0.620243033,1213421000,1.355777654
1.099114635,0.853855094,4.528200612,2.113622725,0.308895194,873495000,0.975972067
3.214886538,0.259857187,6.708388081,0.376339016,0.278544618,17627664000,19.69571397
1.264534804,0.682166281,1.993305227,0.290931467,0.09246783,17931233000,20.03489721
1.360091317,0.540955286,10,1.546082149,0.709720837,9843915000,10.99878771
1.953699877,0.549174912,13.79616761,0.84655392,0.381647746,17769359000,19.8540324
3.084443439,0.699785993,6.980795486,0.904832094,0.271643269,3961787000,4.426577654
1.419382767,0.676440167,1.830470708,0.44385128,0.143612446,34011008000,38.00112626
2.538398126,0.54485711,15.99020477,1.682224992,0.765652744,5833658000,6.518053631
2.000345674,0.613859278,8.241586462,0.299423093,0.115619449,73762681000,82.41640335
4.344123082,0.688259878,10,0.77084425,0.24030308,2.92858E+11,327.2153966
1.908261761,0.443211285,5.285331017,0.338855123,0.188670709,10725813000,11.9841486
8.772221389,0.386645894,0.243674057,0.030351578,0.018616265,23721457000,26.50442123
1.001122728,0.733074638,0.945403335,0.123593101,0.032990133,1901000,0.002124022
1.73752739,0.486632184,1.849293734,0.556259252,0.285565597,95113109000,106.2716302
2.66955405,0.290050932,69.89559086,0.515923323,0.366279282,2332170000,2.605776536
9.994788716,0.154523163,38.60930863,0.324625727,0.274463533,1.40272E+11,156.7285553
1.225840852,0.417713675,17.12776492,0.475667991,0.276974966,1199511000,1.340235754
1.007802809,0.703394832,1.227661343,0.581938456,0.172605954,598565000,0.668787709
1.163870655,0.899268456,18.60070127,7.93958373,0.799766526,8335361000,9.313252514
3.82326035,0.669827446,13.22250628,1.581356952,0.522120663,2.18909E+11,244.5913497
1.603743841,0.216265878,34.42631015,0.308397941,0.24170199,1160450000,1.296592179
1.139773215,0.571992793,5.05571795,0.465691492,0.199319315,7744238000,8.652779888
1.572606496,0.723784322,10,3.227903559,0.891597569,15034213000,16.79800335
1.010052093,0.923932366,0.876155193,1.592189391,0.12111408,694203000,0.77564581
1.993537303,0.809602832,1.012442152,1.035485773,0.197153558,2.74513E+11,306.7183821
1.620729731,0.535799945,372.1537252,0.542961042,0.252042545,7810654000,8.726987709
6.036066337,0.178201193,10,0.610540405,0.501741376,79922126000,89.2984648
1.754379566,0.530640595,7.880317073,0.799347674,0.375181349,23247227000,25.97455531
1.436382192,0.529968832,1.285469175,0.241850323,0.11367719,41350201000,46.2013419
1.317931262,0.722672115,1.886352104,0.680531403,0.188730335,35740832000,39.9338905
3.144232355,0.349517505,29.02142574,0.841158041,0.547158581,30591079000,34.17997654
3.316078711,0.855193585,22.22373175,2.298419474,0.332825883,78001501000,87.15251508
1.059073809,0.789438155,5.087075864,0.923776985,0.194512187,6071895000,6.784240223
2.651218471,0.375743541,10,1.11041912,0.693186308,1.09616E+11,122.4757151
1.72516263,0.473828421,4.699452851,0.314531137,0.165497345,31412874000,35.09818324
1.802249216,0.539968763,5.039357542,0.818438034,0.376507061,33953251000,37.9365933
1.215698625,0.663276911,7.097488678,0.533286278,0.179569803,9867911000,11.02559888
1.366774054,0.748392766,1.483684593,2.239120963,0.563379032,9295917000,10.38649944
1.051041647,0.478989231,32.10103025,0.371532921,0.193572653,1735904000,1.939557542
1.184849298,0.732689502,16.37802985,5.094215863,1.361737381,4678186000,5.227023464
3.831053523,0.492039581,44.07852748,0.827379611,0.420276094,4477079000,5.002322905
1.918409722,0.364930293,90.41191537,0.728703219,0.46277734,1.6694E+11,186.525467
1.250031377,0.592660904,2.612442978,0.457761804,0.18646428,42793320000,47.81376536
1.456434063,0.632536104,5.425855035,0.618465366,0.227263693,2.30455E+11,257.4911832
1.249437461,0.503769146,14.5211711,0.297902114,0.14782822,8027677000,8.969471508
1.066445376,0.714896029,3.344704741,0.779679532,0.222289731,3496260000,3.906435754
1.157705513,0.54970637,4.401957747,0.41683902,0.187699955,17612115000,19.67834078
1.768540573,0.38990829,14.35474695,0.531862212,0.324484726,38118465000,42.59046369
1.411646769,0.964891306,1.504637355,6.915357265,0.242789163,79429772000,88.7483486
1.092528787,0.789907545,2.664764004,1.341520356,0.281843305,460882000,0.514951955
2.167190698,0.806495799,2.876556257,1.375634193,0.266190996,48859052000,54.59111955
2.110885752,0.438134947,2.517425948,0.446036756,0.250612466,13574464000,15.16699888
1.5443561,0.688873757,7.040412841,0.822434041,0.255880813,13868789000,15.49585363
1.750383339,0.643718239,3.413132609,0.860214107,0.306478597,14402734000,16.09244022
1.606805365,0.495769691,3.247886654,0.265125283,0.133684203,39436967000,44.06365028
1.652708921,0.60239424,3.805226763,0.61699632,0.245321291,67296804000,75.19195978
1.358702493,0.838843096,9.142642804,4.532551752,0.730452007,34821075000,38.90622905
2.923506328,0.413742828,13.63736103,0.610215158,0.357743013,44353288000,49.55674637
1.372135383,0.610638396,2.192011753,0.523123866,0.203684347,21241200000,23.73318436
1.424316665,0.271957862,10,0.272561752,0.198436441,5087951000,5.684861453
1.367261442,0.641427759,1.589908,1.17585922,0.421630476,39171856000,43.76743687
1.931238603,0.459927668,36.96591984,1.299359965,0.701748366,1.2917E+11,144.3239955
3.388738854,0.433220053,6.93895772,0.69966693,0.396557185,30292744000,33.84664134
2.118758685,0.256063695,37.09348503,1.300915958,0.96779861,9862698000,11.0197743
1.828581884,0.680995996,131.0410795,1.881126461,0.600086873,4261332000,4.761264804
2.795701927,0.275582184,27.58462509,0.41333822,0.299429571,5479263000,6.122081564
1.496645134,0.566990843,49.39018479,2.1241313,0.919768304,8218067000,9.182197765
1.373166045,0.437963219,10.36210957,1.118686879,0.628743172,1573252000,1.757823464
3.605121816,0.562207274,329.0801619,2.073388071,0.907714215,28202447000,31.51111397
1.688581162,0.68076298,18.19487664,2.672974628,0.853312454,3818752000,4.266762011
1.882022884,0.55376814,7.44988233,1.020906396,0.45556096,1526846000,1.705973184
1.324997845,0.576300345,3.867583748,0.744049179,0.315253381,429757000,0.480175419
1.603684127,0.553887678,6.017275265,0.882413815,0.393655676,8771831000,9.800928492
1.101042129,0.664986993,3.979540624,1.048624135,0.351302725,1630921000,1.822258101
2.43799868,0.358910008,58.53200944,0.508724868,0.326138422,7386726000,8.25332514
1.228340193,0.762531701,1.079324903,0.260953585,0.061968204,3347525000,3.740251397
1.530670554,0.563644669,10,0.514379262,0.224452133,5142238000,5.745517318
1.775539145,0.314570786,23.46766178,0.346518384,0.237513824,20661029000,23.0849486
4.057162492,0.208041906,10,0.3157185,0.250035821,747357000,0.835035754
3.942115585,0.287373842,10,0.003676201,0.002619757,5043910000,5.635653631
2.652968664,0.224508584,34.05204244,0.789619818,0.61234339,3679900000,4.111620112
2.769017499,0.349375933,11.98189081,0.715061937,0.465236506,15636795000,17.47127933
2.395807946,0.402053558,46.61911785,0.849276259,0.507821717,58099759000,64.91593184
4.325679399,0.281933427,10,0.481703458,0.345895151,1994237000,2.228197765
1.666853067,0.484312378,7.502161234,0.669430336,0.345216938,1295066000,1.447001117
1.503948356,0.563905968,15.47269674,1.568896088,0.684186222,5441462000,6.07984581
5.224039638,0.247774893,12.0718424,0.562621317,0.423217881,21678857000,24.22218659
1.451962718,0.67946897,23.35189153,4.646951868,1.489492269,3333296000,3.724353073
2.454964954,0.828885404,11.94035574,7.266927033,1.243477282,3942552000,4.405086034
1.596250603,0.726958681,1.386985882,0.250752148,0.068465697,14922148000,16.67279106
1.946529878,0.679525928,4.279660125,1.478952,0.47396577,746123000,0.833656983
1.291884538,0.7252486,17.53188034,1.082207651,0.297338068,2266787000,2.532722905
2.755116921,0.507460751,13.65513334,1.036180935,0.51035978,2.22182E+11,248.2479162
1.509251592,0.509732961,9.209123398,0.587965408,0.28826006,4335297000,4.843907263
2.218777841,0.367657844,81.9534945,0.182733131,0.115549862,11325838000,12.6545676
1.839417034,0.684447884,16.98338442,0.061196387,0.019310649,1891173000,2.113042458
1.145288764,0.46715698,10,1.058754657,0.564150028,204182000,0.228136313
1.524940549,0.633679087,9.634793936,0.907363179,0.332386109,3896619000,4.353764246
1.291884538,0.7252486,17.53188034,1.082207651,0.297338068,2266787000,2.532722905
1.129306509,0.581283248,4.699498864,0.938482049,0.392958155,1631356000,1.822744134
1.098635173,0.70469288,9.543277565,1.519629661,0.448757459,381987000,0.426801117
2.018743853,0.573162102,4.106863395,0.783503079,0.334428808,3635581000,4.062101676
1.962164412,0.724707243,8.252675039,1.187680727,0.326959902,12476969000,13.94074749
4.920236707,0.436186173,10.97922904,1.191918729,0.67202026,1062588000,1.187249162
24.82102809,0.040253117,10,0.06590939,0.063256331,1338313000,1.495321788
4.657824922,0.265302264,15.90222736,0.50165576,0.368565351,5993540000,6.696692737
4.545384051,0.195926289,10,0.165497146,0.133071904,6254607000,6.988387709
1.649259785,0.182089761,10,0.133026664,0.10880387,1312615000,1.466608939
1.1673638,0.887888937,2.325366701,3.31330074,0.371457668,3960504000,4.425144134
1.855503955,0.469680291,10,0.103459157,0.05486643,1752795000,1.958430168
1.416101307,0.903430583,15.80063118,8.835539061,0.853242858,1224448000,1.368098324
2.192503319,0.363370005,14.72110477,0.764636369,0.486790448,6780872000,7.576393296
28.81581218,0.473434863,10,0.047831973,0.02518665,1869612000,2.088951955
2.524275808,0.102798725,8.524203519,0.025971388,0.023301562,291251000,0.325420112
2.259552551,0.539076514,12.69478789,0.396377419,0.182699662,4433397000,4.953516201
1.532007246,0.625967955,10,0.605500694,0.226476663,1080420000,1.207173184
2.369907675,0.387152645,9.712591988,0.636679803,0.390187533,7511986000,8.393280447
9.433420437,0.094487981,3.427629396,0.218680877,0.198018162,5528436000,6.177023464
1.039882556,0.878674357,10,1.732663262,0.210216484,341789000,0.381887151
4.726731589,0.074079289,82.23878205,0.337201749,0.312222083,952888000,1.06467933
6.977141357,0.218155119,28.41046294,0.481540575,0.376490033,1365986000,1.526241341
2.932466844,0.338522152,6.537705685,0.245317738,0.16227225,22735971000,25.40331955
4.038570298,0.241251273,15.75423703,0.175776238,0.133369997,2807800000,3.137206704
2.773038772,0.399598558,33.43804172,0.648221011,0.38919283,3761867000,4.203203352
40.13608368,0.614630548,3.445098466,0.345115212,0.13299686,4949971000,5.530693855
3.235438889,0.309077079,10,0.861497382,0.595228288,875608000,0.978332961
2.508414616,0.232663442,25.59872948,1.130494534,0.867469785,1030573000,1.151478212
3.22750881,0.192036744,10,0.884051838,0.714281401,1912793000,2.137198883
2.681306719,0.275019673,19.49675742,0.581552275,0.421613958,32001407000,35.75576201
1.094981094,0.715006805,6.083518415,1.807281349,0.515062886,345112000,0.3856
9.487527731,0.54827128,86.85943396,0.295847037,0.133642603,156858000,0.175260335
2.003172764,0.504692844,5.718830694,0.632729495,0.313395447,10354032000,11.56875084
2.606789763,0.640086241,2.863627118,0.587719625,0.21152838,5014921000,5.603263687
1.079045879,0.940803601,7.341444923,7.016140606,0.415330256,28457598000,31.79619888
1.755500832,0.642591043,6.456900406,0.930568826,0.332593634,1903986000,2.127358659
7.934807848,0.109925348,31.3869248,0.243404171,0.216647882,4748575000,5.305670391
7.722394585,0.120456498,10,0.825588552,0.726141046,608854000,0.680283799
2.834962799,0.363148455,9.600480861,0.113754015,0.07244442,1382116000,1.544263687
6.203622546,0.492029927,8.455173062,0.851123103,0.432345065,4912100000,5.488379888
1.620441216,0.584722116,24.94751437,2.582877685,1.072611979,6536105000,7.302910615
6.682211705,0.263588841,10,0.484884771,0.357074556,2186248000,2.442735196
3.290401962,0.326848148,30.02576622,1.758412473,1.183678613,3570345000,3.989212291
8.2139498,0.264039451,4.982897336,0.14832947,0.109164638,27026998000,30.19776313
2.36343695,0.413264883,10,4.267287667,2.503767527,9199799000,10.27910503
7.527598983,0.251750715,12.65559419,0.323568576,0.242109956,3379103000,3.775534078
1.665779546,0.482295898,12.08491965,0.419249929,0.217047408,4345115000,4.854877095
1.693817671,0.578920522,14.01139624,1.892278485,0.796799636,1038797000,1.160667039
2.31105346,0.382739472,10,1.047720342,0.646716412,2500019000,2.793317318
1.952709973,0.347335238,10,1.262093398,0.823723887,2869813000,3.206494972
2.534148025,0.480495485,8.495976788,0.951826445,0.494478136,16666955000,18.62229609
4.348406436,0.409356429,18.71455669,0.876044939,0.517430311,735002000,0.821231285
2.556121941,0.574931699,9.625975494,1.086851798,0.461986247,7118360000,7.95347486
2.068466249,0.562608708,23.35701147,3.551707419,1.553485897,248100000,0.277206704
2.257716016,0.326786356,390.0478807,0.980884516,0.660344839,2165016000,2.419012291
1.791367188,0.731115643,14.57083383,2.05289414,0.55199112,15322461000,17.12006816
2.684056094,0.330223375,10,0.521308347,0.349160145,2228599000,2.490054749
2.636028635,0.455335174,44.96691009,1.106134891,0.602472768,3143737000,3.512555307
1.021301564,0.822558172,25.01167673,14.24867895,2.528311641,1139517000,1.273203352
1.247212142,0.786926182,125.2353757,2.938950474,0.626213397,3109441000,3.474235754
2.610974166,0.217035329,20.79647795,0.196696976,0.154006783,2950061000,3.296157542
1.98473617,0.407678457,10,0.495575368,0.293539967,1204354000,1.345646927
1.165708818,0.6335155,11.89025185,0.743728509,0.272564971,1623961000,1.814481564
4.087325038,0.217768176,10,0.850213181,0.665063807,2025949000,2.263630168
1.998580741,0.61718986,22.60554887,0.492278226,0.188449097,4027367000,4.499851397
2.19326014,0.647111079,10.26020397,2.038806939,0.719472381,3962910000,4.427832402
1.353693254,0.862020794,4.260803553,0.924810865,0.127604668,12895638000,14.40853408
3.146170142,0.310285878,1519.420315,0.425176231,0.293250051,7198847000,8.043404469
4.135732267,0.234734406,42.02236842,0.139908573,0.107067217,847024000,0.946395531
2.976242693,0.24956041,10,0.924788611,0.693997987,3079994000,3.441334078
2.081223258,0.339086059,11.85041076,0.523246645,0.345821002,1003213000,1.12090838
2.984224017,0.395347157,47.06579295,1.07464239,0.649785576,615417000,0.68761676
1.801583674,0.595871763,10,0.875428534,0.35378539,5609408000,6.267494972
2.070779718,0.408406888,10,0.767505983,0.454051253,1713209000,1.9142
1.677428896,0.513907593,3.888932004,0.373116898,0.181369291,1981174000,2.213602235
1.231868223,0.561962808,3.681564977,0.334989603,0.146737905,587830000,0.656793296
8.520538529,0.301745285,3.650708041,0.456291875,0.318607953,11564663000,12.92141117
1.615720517,0.475307939,10,0.445858813,0.23393858,28117998000,31.41675754
1.361278696,0.360530815,51.18679636,0.547534418,0.350131388,1610437000,1.79937095
2.820373634,0.674887365,10.21032737,1.578191818,0.5130901,3987310000,4.455094972
2.74268128,0.364606711,10,1.516839249,0.96378948,1086628000,1.214109497
3.195348586,0.308357998,30.00042146,0.583539612,0.403600505,11939254000,13.3399486
2.007893522,0.559259339,10,0.850240066,0.374735369,3121033000,3.487187709
2.973605411,0.702212755,8.504457181,0.477466166,0.142183334,931972000,1.041309497
2.952775187,0.034001388,27.83442982,0.10418676,0.100644266,33494000,0.037423464
7.273735581,0.089103855,53.22679088,0.255909495,0.233106972,395948000,0.4424
3.224152554,0.343107052,7.471016438,0.314331329,0.206482034,2923931000,3.266962011
2.031118987,0.238827362,10,0.353698667,0.269225747,957229000,1.069529609
1.52710811,0.499278792,14.77041463,1.237703046,0.619744164,4188760000,4.680178771
1.756864483,0.537146239,12.77034715,0.441372761,0.204291043,4556331000,5.090872626
1.091896243,0.683155167,4.144022823,0.673968111,0.213543313,4970698000,5.553852514
1.971648714,0.665901525,6.226989493,0.914816287,0.305638727,7253517000,8.104488268
4.246671343,0.182388873,187.753679,0.369047456,0.301737306,71988145000,80.43368156
1.356673344,0.743360718,13.08275512,1.363006509,0.349801012,259426000,0.289861453
2.852942242,0.203391618,12.90036869,0.500495333,0.398698777,1125718000,1.257785475
6.621952268,0.123291788,220.8546917,0.47481744,0.416276349,1700292000,1.899767598
1.516622673,0.569083816,6.139274008,0.984260545,0.424133798,1016172000,1.135387709
1.470683563,0.582439367,10.72607775,0.607459873,0.253651329,4446116000,4.967727374
1.27417838,0.742238389,5.835292956,1.793418311,0.462274393,2345675000,2.620865922
2.388926603,0.650216847,9.696883953,0.921392665,0.322287631,6285204000,7.022574302
1.201430915,0.20682862,10,0.632055055,0.501327981,29224000,0.032652514
3.206993518,0.204306255,16.97757309,0.29507678,0.234790748,2254861000,2.519397765
1.151223119,0.362331573,10,0.518176991,0.330425107,605044000,0.676026816
3.293976159,0.267508502,9.881360168,0.846751375,0.620238183,29972597000,33.4889352
1.264883147,0.747135422,15.32557265,2.714488609,0.686398018,81003569000,90.50678101
1.579478623,0.335277123,36.94412727,0.290874706,0.193351071,2107489000,2.354736313
1.50045659,0.51735294,1.369967343,0.556685355,0.26868255,4537201000,5.069498324
2.166928165,0.378348369,29.71642471,1.348217122,0.838121373,2749627000,3.072208939
2.194856833,0.569990143,20.72732419,1.223442971,0.526092538,2553096000,2.852621229
3.496643513,0.230050721,10.38781313,0.180990789,0.139353727,11787790000,13.17071508
12.69582728,0.277904587,386.8745387,0.297899364,0.215111764,1681474000,1.878741899
2.397498712,0.616729508,10.88690265,1.143657724,0.438330258,7412874000,8.282540782
1.078129184,0.632723765,5.667489046,1.537795022,0.564795566,91616000,0.102364246
3.968843139,0.406688597,6.690622554,0.511948678,0.303744988,2818970000,3.149687151
4.061085712,0.751152142,10,0.550423136,0.136971618,451954000,0.504976536
1.230471568,0.654483735,10,0.971439608,0.335648185,3897327000,4.354555307
1.958311333,0.688147281,10,1.638185324,0.510872548,5041973000,5.633489385
1.160645273,0.575454027,4.32395124,1.178206969,0.500203024,919388000,1.027249162
5.678886704,0.583778606,10,0.790379645,0.328972918,3502390000,3.913284916
1.034225094,0.92274625,18.57292471,10.32235077,0.797440301,65072000,0.072706145
2.307895768,0.468675413,4.768333953,0.381579197,0.202742409,13545798000,15.13496983
2.647269817,0.702344286,9.099011182,3.059315281,0.910622675,10592986000,11.83573855
2.531493149,0.266044765,15.42962156,0.276732903,0.203109563,4533987000,5.065907263
2.959115352,0.601876505,26.26676165,1.312639345,0.522592564,3423462000,3.825097207
1.856197671,0.986846415,10,9.124043105,0.120013881,1347906000,1.506040223
3.249200175,0.553722669,6.674092724,0.410343531,0.183127016,14093612000,15.74705251
1.127223487,0.57960826,18.28138733,1.433239819,0.602522182,2193838000,2.451215642
1.005219492,0.95360313,10,15.94029914,0.739579993,78375000,0.087569832
1.003396273,0.786790113,12.87150294,4.163099751,0.887614027,1392000,0.001555307
1.677580367,0.486469047,2.903940637,0.3170394,0.162809545,6768105000,7.562128492
15.43621876,0.697576982,10,1.061834447,0.321123178,1170402000,1.307711732
2.42994266,0.791848562,8.777155576,2.368368673,0.492979345,6722292000,7.510940782
1.598600519,0.559419371,2.153404673,0.433380654,0.190939121,1422118000,1.588958659
15.56359701,0.519368543,13.45387922,0.178605066,0.085843213,13478143000,15.05937765
2.177882979,0.436542259,10,0.982416064,0.553549936,16256751000,18.1639676
1.61105311,0.449032004,10,1.476568048,0.813541739,1347333000,1.5054
1.668461941,0.640143363,21.15510571,2.700688592,0.971860713,2001728000,2.236567598
1.212534815,0.166338468,10,0.1999381,0.166680703,191001000,0.213408939
1.349114962,0.453870082,22.02928863,0.838912183,0.458155042,642640000,0.71803352
5.992856601,0.201557516,4574.104167,0.204922654,0.163618953,657709000,0.734870391
17.20909073,0.359968666,10,0.575521125,0.368351553,7232707000,8.081236872
2.720899364,0.646554744,2.961222925,0.619669646,0.219019297,1103303000,1.232740782
2.36833162,0.713851915,10,0.425734491,0.121823109,1935059000,2.162077095
1.180632105,0.819509187,1.154486604,0.799970694,0.144387361,2280323000,2.547846927
2.449336101,0.330928786,22.07068306,0.578416148,0.387001594,5040046000,5.631336313
3.016069616,0.246390007,12.6370014,0.424145536,0.319640314,2266282000,2.532158659
2.059649242,0.482819767,10,1.122400136,0.580483164,1125392000,1.257421229
5.409640678,0.26633223,21.9261771,1.029584527,0.755372983,3802636000,4.248755307
1.160971817,0.767509813,10,0.475639759,0.110581577,1021993000,1.14189162
1.486115096,0.588394803,10,1.044695122,0.430001941,2539877000,2.837851397
2.926521845,0.284327406,159.8135053,0.736347334,0.526983607,2348014000,2.62347933
595.1790323,0.001668601,3.925696456,0.141772126,0.141535565,1841955000,2.058050279
2.264028519,0.799332762,5.007706588,4.652381351,0.933580514,1777846000,1.986420112
2.651447407,0.546551018,33.04132374,0.895873621,0.406232981,1003540000,1.121273743
10.01652266,0.725543074,29.65135899,2.382793152,0.653974083,3902892000,4.360773184
1.3630786,0.573639087,46.94179149,5.676186324,2.420103982,3537404000,3.952406704
1.425816384,0.69049349,10,3.003875809,0.929719118,1975217000,2.206946369
1.869856971,0.436119584,19.889056,1.571632443,0.886212755,2852622000,3.187287151
1.59814458,0.605652087,10,1.499255717,0.591228363,3733704000,4.171736313
2.672981851,0.607495852,10,0.817746161,0.32096876,16985502000,18.97821453
1.270862304,0.768032625,5.932966992,1.837765067,0.426301539,41312913000,46.15967933
1.340696385,0.649685791,12.80482384,1.433539531,0.502189267,6179781000,6.90478324
1.635041997,0.419366396,37.09593416,4.230191101,2.456191106,889048000,0.993349721
3.241183093,0.349782958,94.71342544,0.462808395,0.300925906,6131227000,6.850532961
1.83558659,0.526599226,6.689824847,1.073342589,0.508121212,4180423000,4.670863687
1.416743533,0.42420203,9.121224093,0.399654229,0.230120094,1319723000,1.474550838
21.41532394,0.204974587,14.19538582,0.108035799,0.085891206,1273365000,1.42275419
2.123581348,0.481524322,23.95662809,1.104611505,0.572714199,5694426000,6.362487151
2.822830756,0.648128843,10.89284853,0.550882996,0.193839837,2140346000,2.391448045
3.718123488,0.287154823,57.70391459,1.026535388,0.7317608,13673879000,15.27807709
2.472586762,0.553377697,3.850452937,0.449316686,0.200674853,12391286000,13.84501229
1.368524511,0.475232022,8.088930494,0.355512432,0.18656154,558870000,0.624435754
2.597133873,0.226972458,40.16357844,0.477682103,0.369261422,2467591000,2.757084916
1.625084775,0.61289781,10,0.715509037,0.276975115,2144754000,2.396373184
3.633529609,0.777368252,12.13014641,3.136493214,0.698282968,737067000,0.823538547
2.368501333,0.561163075,20.37656953,0.199113512,0.087378361,2304871000,2.57527486
2.634684734,0.333194472,9.114431911,0.948596213,0.632529198,2210303000,2.469612291
1.283232849,0.680765416,2.475185411,0.764043044,0.243908963,4112341000,4.594794413
1.439264273,0.756809976,2.96543412,1.156457749,0.281238988,10039909000,11.21777542
19.62206871,0.394010485,6.269487377,0.301493536,0.182701922,4884550000,5.457597765
1.961122177,0.517046577,13.80621552,1.296508555,0.626153245,2385981000,2.665900559
1.747028081,0.716158869,4.28982045,1.206304253,0.342398763,13463023000,15.0424838
1.221840592,0.604370923,10,1.380166552,0.546034018,17538776000,19.59639777
1.45213598,0.629864605,6.545961415,1.067240823,0.395023604,1228113000,1.372193296
1.04955213,0.489104745,7.42798528,0.693629019,0.354371774,54678000,0.061092737
5.779871959,0.17171313,14.04793405,0.587885465,0.486937812,6772548000,7.567092737
7.193682219,0.083414025,5.05073725,0.052126493,0.047778413,1663078000,1.858187709
2.429989955,0.595632105,10,1.771352456,0.716278064,1157421000,1.293207821
1.582902259,0.684704375,6.865333083,1.420774253,0.447963905,19948555000,22.28888827
1.344783322,0.752739571,14.70104552,1.922570902,0.475375706,3890033000,4.346405587
1.881401296,0.495120904,9.219949499,0.924199224,0.466608868,1406497000,1.571505028
2.246029787,0.687538747,5.498358279,0.595019286,0.185920472,6214201000,6.943241341
4.057948343,0.219694587,26.45820336,1.150189178,0.897498841,3383681000,3.780649162
3.786555708,0.22365238,10,0.902303764,0.70050138,2091115000,2.336441341
2.86708976,0.700964442,9.81668166,1.643229482,0.491384044,1148249000,1.282959777
1.0936118,0.834496331,2.654409771,1.816253414,0.300596604,2934370000,3.278625698
1.481774438,0.640414669,2.700480695,0.763043051,0.274379088,2631306000,2.940006704
2.808602728,0.324971675,26.61919406,0.557673766,0.376445588,4701801000,5.253408939
1.453385875,0.269496888,157.7662026,0.141716029,0.103524,159809000,0.178557542
1.165267546,0.606899056,4.798710028,0.493066637,0.19382496,233784000,0.261211173
1.558309713,0.570422498,10,1.165775492,0.500790924,1619695000,1.809715084
1.350918401,0.714263341,10,0.144616945,0.041322363,768206000,0.858330726
1.445792237,0.71577243,10,2.100995549,0.597160859,904364000,1.01046257
4.594774721,0.351971859,8.866463051,0.297001901,0.19246559,15289188000,17.08289162
3.538929278,0.224584481,8.212335809,0.478042034,0.370681212,7511209000,8.392412291
2.265544099,0.489717734,21.6353578,1.129906747,0.576571375,4344866000,4.854598883
1.528240959,0.790940515,2.459200497,1.222386591,0.255551511,7911580000,8.83975419
1.266395044,0.626710995,16.85612762,1.659152209,0.619343277,12702476000,14.19271061
2.396089357,0.460338111,12.5817774,0.796463044,0.429820751,23774525000,26.56371508
1.661893294,0.481077614,18.97148232,0.814259455,0.42253746,3510825000,3.922709497
2.18751995,0.445171565,10,0.408334294,0.226555477,10826294000,12.09641788
1.148632842,0.626210375,3.40944795,0.638485951,0.238659424,1411218000,1.576779888
10.70713446,0.092937732,80.26409342,0.251558594,0.228179309,5516681000,6.163889385
2.175069953,0.802021089,11.62217497,3.730753226,0.738610463,5826347000,6.509884916
3.234403432,0.742851391,7.169210615,0.508452215,0.13074778,3181538000,3.554791061
1.365489221,0.640749457,5.340118226,1.562288466,0.56125298,2793645000,3.121391061
5.227803328,0.227136382,38.91267214,0.423959073,0.327662543,2324831000,2.597576536
1.965775461,0.566337476,3.39987912,0.378085829,0.163961655,3373078000,3.768802235
2.098892262,0.678055911,2.063119677,0.749461945,0.241284843,28238496000,31.55139218
1.021960766,0.698427896,4.611608571,1.080356117,0.325805267,267450000,0.298826816
1.43204734,0.622448176,9.096508702,0.732433384,0.27653156,4639851000,5.184191061
7.858680715,0.18024929,18.41308166,0.486566422,0.39886317,8963747000,10.01535978
2.185817216,0.788766489,6.707117043,2.403096933,0.507614603,3438245000,3.841614525
6.713555436,0.143588977,22.15643096,1.02242627,0.875617128,5148062000,5.752024581
2.202511011,0.580116737,7.046687489,1.31058196,0.55029143,6254083000,6.987802235
4.669579406,0.417482134,16.82402478,0.748880124,0.436236052,847871000,0.947341899
1.309654143,0.542179488,7.167312124,0.828797885,0.379440672,2072888000,2.316075978
2.051047469,0.291050093,10,0.339195029,0.240472285,1919837000,2.145069274
1.080744136,0.701806664,11.09986173,1.035025541,0.308637719,2543486000,2.841883799
3.842139869,0.683886063,11.87417262,1.944339605,0.614632847,5130935000,5.732888268
3.027082005,0.771242355,22.78893217,1.086372671,0.248516054,1427984000,1.595512849
3.10533181,0.598149968,5.862607924,0.976989737,0.392603358,8133181000,9.087353073
1.46502101,0.443706172,7.236795212,0.273133464,0.15194246,3193848000,3.568545251
1.835041251,0.753444265,1.823895985,1.170868097,0.288684245,3867142000,4.32082905
2.312729248,0.405569149,93.94473894,1.585505314,0.942473274,12133882000,13.55741006
1.12840197,0.868390541,7.525160407,3.803285866,0.500548396,995077000,1.111817877
1.46727836,0.67892867,10,1.650085839,0.529795255,2276297000,2.543348603
2.206763009,0.27794532,5.52610068,0.397988848,0.28736971,6218702000,6.948270391
1.534834858,0.735015465,10,3.733205548,0.989241737,3800168000,4.245997765
3.844797171,0.248490265,3.635767916,0.587783143,0.441724754,4202488000,4.695517318
1.167636939,0.797513009,10.737701,4.288793911,0.868424976,2328808000,2.602020112
3.354185629,0.722850234,10,0.901384483,0.249818499,9148589000,10.22188715
2.561325947,0.409957729,66.61683099,1.543793494,0.910903419,1511885000,1.689256983
6.436142223,0.334343522,19.30428551,0.47566927,0.316632331,31661310000,35.37576536
2.268039046,0.430689694,3.084383172,0.265457875,0.151127904,1819915000,2.033424581
1.862176829,0.764112573,10.83461033,3.289108023,0.775859229,7536811000,8.421017877
1.261240659,0.949315723,2.708378695,4.670274622,0.236709492,1616082000,1.805678212
1.171263318,0.738253794,5.028233971,3.165742035,0.828620965,10930101000,12.21240335
2.498397667,0.392302249,10,1.398416944,0.849814832,17162061000,19.17548715
1.894903002,0.662552166,10,0.72134205,0.243415313,1351836000,1.510431285
2.543824823,0.719153741,10,0.164606152,0.046229022,810366000,0.905436872
2.097672628,0.350485607,11.52597753,1.257084242,0.816494308,3816903000,4.264696089
1.512327436,0.782371817,10,3.136376368,0.68256389,567397000,0.633963128
1.261761649,0.787434373,2.555020888,1.122836006,0.238676339,773908000,0.864701676
3.713146138,0.204446666,10,0.061123454,0.048626968,3490647000,3.900164246
1.725378377,0.471910054,10,0.413096205,0.218151953,2428075000,2.712932961
2.157350717,0.226282179,10,0.589044879,0.45575452,1603727000,1.791873743
2.40300283,0.407159458,10,0.756196488,0.448303936,2158308000,2.411517318
3.265821838,0.601121373,18.56458509,3.430379256,1.368304967,1969296000,2.200330726
1.776407423,0.493501343,8.325515155,0.597766492,0.302767925,23177847000,25.89703575
1.513833715,0.518369231,10,0.452411278,0.217895192,1224011000,1.367610056
2.784758897,0.285670923,15.96275662,0.429199885,0.306589958,5774823000,6.452316201
4.487316129,0.571262741,5.476256939,0.638154841,0.273600758,10461917000,11.68929274
2.271704126,0.421830693,16.99217032,0.430983508,0.249181436,415818000,0.464601117
1.209766272,0.708934242,22.44578716,4.252968224,1.237893418,355231000,0.396906145
4.993667767,0.067520814,165.830853,0.253672799,0.236544605,1134609000,1.267719553
1.817737625,0.571745687,8.595015901,1.078186762,0.46173813,56074844000,62.65345698
1.487231743,0.613548399,5.916933185,0.572468094,0.221231211,919971000,1.027900559
1.262549131,0.184989446,10,0.253840494,0.206882681,133062000,0.148672626
1.932733657,0.462265192,10,0.803015838,0.431809568,664361000,0.742302793
1.457046054,0.725639352,14.79101339,4.017059488,1.102123046,8008850000,8.948435754
1.454200474,0.469064777,10,0.35402044,0.187961921,3873904000,4.328384358
2.268233024,0.309741548,128.4563467,0.690776189,0.476814103,5013750000,5.601955307
6.18841506,0.286907836,6.164218872,0.448296557,0.319676762,16778665000,18.74711173
4.07669473,0.153724402,17.47337157,0.056276312,0.047625269,8497797000,9.494745251
2.010406985,0.537683586,14.2512295,2.207842738,1.020721937,1857804000,2.075758659
6.222835143,0.09889981,63.9211884,0.076140773,0.068610465,2705016000,3.022364246
1.914819055,0.441694778,10,0.760372428,0.424519897,5045561000,5.637498324
1.257420154,0.951751585,10,2.903410749,0.140084966,1178358000,1.316601117
2.020152504,0.351433986,6.850327919,0.40508931,0.262727159,1002865000,1.120519553
5.463493381,0.337041927,17.78607277,0.655418232,0.434514808,2655725000,2.967290503
5.471978229,0.204431406,10,1.148364734,0.913602917,3059808000,3.418779888
1.595413542,0.586251018,8.493754571,1.54128122,0.637703536,2117986000,2.366464804
5.969115554,0.164073213,39.91094613,0.911945736,0.762319869,1236147000,1.381169832
2.178737558,0.33459057,10,0.357071505,0.237598747,2996998000,3.348601117
4.426492484,0.174838493,17.29644873,0.065541014,0.054081922,4888056000,5.461515084
3.737904832,0.215114916,9.609908901,0.761569706,0.597744703,5731185000,6.403558659
2.933823185,0.260543986,15.38390738,0.772938476,0.571554005,3423774000,3.82544581
1.734402039,0.573634071,6.977581838,0.796502075,0.339601347,3347522000,3.740248045
2.816972546,0.955936298,21.17821612,5.974210093,0.263245815,577383000,0.64512067
1.852045106,0.295049905,10,0.349918388,0.246675001,991029000,1.107294972
2.26284871,0.460744372,10,1.259158385,0.679008245,10490781000,11.72154302
3.196784635,0.361467347,22.64944434,0.821364475,0.524468037,2695692000,3.011946369
2.619259325,0.595923762,10,0.279313242,0.112863844,2831079000,3.16321676
1.169187062,0.717256198,10,1.572006807,0.444475182,2738767000,3.06007486
1.93689312,0.565569282,14.21475808,2.06928717,0.898961911,1891234000,2.113110615
2.371074856,0.363866278,10,0.476542924,0.303145024,3632560000,4.058726257
1.045516894,0.413101354,4.737573386,0.290835081,0.170690715,56644000,0.063289385
1.652087978,0.520083399,10,0.533622107,0.256094108,1924742000,2.150549721
1.918569692,0.517035391,25.69004209,1.194329033,0.576818654,2362079000,2.639194413
1.413323759,0.93499583,1.960427825,2.854868495,0.185578357,621641000,0.69457095
2.924148132,0.31718474,253.2570752,0.530714718,0.362380108,3782881000,4.226682682
2.31241623,0.407638998,18.21775217,0.653427943,0.387065231,7396707000,8.264477095
2.450433059,0.629511033,2.352178424,0.440534707,0.163213249,3937904000,4.399892737
1.88471206,0.695817248,10,1.452882383,0.441941762,1382206000,1.544364246
1.719797699,0.585168148,14.11963171,0.199034231,0.082565739,1134733000,1.267858101
2.647181853,0.340187205,10.61753978,0.275370501,0.18169298,6701365000,7.487558659
2.16338818,0.409321536,10,0.426761822,0.252079018,6252667000,6.986220112
1.064277726,0.914648685,10,0.818264709,0.069839969,480094000,0.536417877
2.810115039,0.453967614,10,0.334460578,0.182626307,5502299000,6.147820112
1.51008143,0.659392787,9.4508783,1.392110362,0.47416283,883105000,0.986709497
1.778562071,0.876988207,12.47678585,1.605041964,0.19743909,4784116000,5.345381006
2.358713978,0.208016503,6.462080148,0.315408745,0.249798521,5824834000,6.508194413
1.08980683,0.908036107,5.914643526,9.261361003,0.851710811,214250000,0.239385475
1.358354545,0.774418546,6.033183585,1.555520026,0.350896469,2202733000,2.46115419
1.827693683,0.590788889,36.98221828,1.330079455,0.544283291,2938935000,3.283726257
1.702240024,0.462122021,23.32666057,0.348024391,0.187194656,5480548000,6.123517318
1.402977482,0.741294919,2.231326148,0.72257848,0.186934724,4756205000,5.314195531
5.834458828,0.53689221,7.833815545,0.742113375,0.343678485,1836287000,2.051717318
2.269949984,0.389714114,8.869904179,0.463353776,0.28277827,6744872000,7.536169832
2.746616614,0.293383423,10,0.460337951,0.325282427,915669000,1.023093855
1.457254551,0.533503199,34.21164693,0.729481606,0.340300835,8600205000,9.609167598
3.2228933,0.129765986,20.348141,0.759670067,0.661090732,1776194000,1.984574302
1.996457918,0.59980685,9.37118873,0.235934836,0.094419505,785445000,0.877592179
23.11361473,0.663571803,21.14210605,0.188158714,0.063301897,766480000,0.856402235
1.613613517,0.583907663,10,0.427991262,0.178083884,942476000,1.05304581
2.461950824,0.376894363,28.75668442,1.242148206,0.773989549,1179768000,1.318176536
1.816193432,0.675969614,10,0.734972348,0.238153374,3269737000,3.65333743
1.830150647,0.289476083,19.12029196,0.494535815,0.351379525,1964901000,2.195420112
6.575355491,0.155659025,49.03739076,0.338897,0.286144624,8056634000,9.001825698
1.804597788,0.435610624,28.24421015,0.845340137,0.477100993,3403546000,3.802844693
2.40194265,0.500655137,10,0.964189264,0.481462956,7942936000,8.874788827
9.805001648,0.340815721,10,0.529883223,0.349290691,427430000,0.477575419
1.338717722,0.804312647,10,1.947349605,0.381071689,142611000,0.159341899
1.450876727,0.635261638,12.11043137,1.151088947,0.419846297,1579152000,1.764415642
1.649983563,0.589209172,10,2.054544099,0.843987873,3270222000,3.65387933
2.141767357,0.448422364,12.70868342,0.533503239,0.294268456,3252805000,3.634418994
1.168804741,0.846370384,7.505139509,1.070395652,0.164444474,1199567000,1.340298324
2.025051338,0.248279155,34.27677821,0.710682148,0.534234585,1185518000,1.324601117
10.19854476,0.087982253,54.28294499,0.422897897,0.385690387,5323529000,5.948077095
3.479139551,0.441070566,5.475998774,0.518438487,0.28977053,5116235000,5.716463687
2.77899729,0.359842021,38.0475804,0.157347594,0.100727318,2383481000,2.663107263
1.798186698,0.694087128,29.56428556,2.203226471,0.673995338,1312717000,1.466722905
1.802879659,0.679723743,5.754759861,1.064793757,0.341028159,2763014000,3.08716648
2.11253703,0.741669069,4.187611692,1.206412792,0.31165374,19277007000,21.53855531
4.185257592,0.562256451,6.181504199,0.599208535,0.262299671,2354329000,2.630535196
4.884407605,0.271498379,9.370636427,0.662557657,0.482674327,1517875000,1.695949721
2.099139221,0.421329255,12.01175885,0.268199784,0.155199369,3789621000,4.234213408
33.11260455,0.030166032,10,0.112920488,0.109514125,7179415000,8.021692737
16.47664557,0.350652872,3.039451604,0.48371991,0.314102134,28958042000,32.35535419
1.67775455,0.418297938,4.845613036,0.262540762,0.152720503,319341000,0.356805587
5.685252717,0.238116551,14.0715828,0.459813912,0.350324609,2778978000,3.105003352
2.066613647,0.401525726,10,0.48582879,0.290756032,2778872000,3.104884916
2.193730202,0.769273919,7.638613879,1.693955653,0.39083975,7730290000,8.637195531
1.856282753,0.548529391,14.82251231,1.150999983,0.519642663,3050813000,3.408729609
1.241973995,0.817133206,10,3.811741854,0.697041012,1526416000,1.705492737
1.81555846,0.422842295,10,0.267240662,0.154240007,1083909000,1.211071508
1.971248229,0.263158888,6.507995197,0.493782726,0.363839413,3455539000,3.86093743
2.608030713,0.472180974,2.709256014,0.272352374,0.143752765,4332567000,4.840856983
1.355959076,0.642372795,13.31898062,1.12473735,0.402236675,2059686000,2.30132514
2.384675006,0.411144066,10,1.164841128,0.685923611,3939201000,4.401341899
2.48778534,0.300718115,9.100197023,0.406644018,0.284358795,3669932000,4.100482682
1.313377915,0.722645467,3.620714203,1.267101126,0.351436242,1512249000,1.689663687
59.59553386,0.613550268,10,0.126198709,0.048769457,6759405000,7.552407821
1.880880162,0.517989346,8.708843749,0.519802054,0.250550128,2742357000,3.064086034
5.201469847,0.214548911,10,0.405042276,0.318140896,7417653000,8.287880447
1.449731011,0.56713327,26.8539939,1.15076909,0.498129652,7716039000,8.621272626
2.348321904,0.500387759,10,0.438196618,0.218928394,5269242000,5.887421229
2.568635997,0.505915416,10,0.693214857,0.342506775,1151680000,1.286793296
1.177968284,0.788811505,3.162707578,1.187266558,0.250737038,3685487000,4.11786257
1.133408754,0.827327859,19.81046946,3.627153027,0.626308278,479359000,0.535596648
3.259963622,0.426783399,40.10606094,1.731934155,0.99277341,1232548000,1.377148603
3.894445373,0.48032155,10,0.152787492,0.079400367,5367199000,5.996870391
5.491551742,0.148155632,10,0.352143568,0.299971515,4081509000,4.560345251
1.554759516,0.487090527,7.445551051,0.503933465,0.258472248,1206643000,1.348204469
1.038900831,0.796390084,4.924968602,2.133768315,0.434456388,152632000,0.170538547
2.448326319,0.365703452,17.93128267,0.547833416,0.347488844,4568896000,5.104911732
2.152395239,0.472453856,7.173065341,0.79799511,0.420979244,6217238000,6.946634637
3.842449964,0.596844683,8.467480103,1.098878045,0.443018526,1916141000,2.140939665
5.47138589,0.455487399,10,1.118800799,0.609201133,522316000,0.583593296
2.062031841,0.574230694,31.05235974,6.608347523,2.813631541,5902705000,6.595201117
1.46909488,0.394775476,10,0.885618435,0.535997996,386628000,0.431986592
1.830067363,0.48859381,10,0.740899845,0.378900767,1822598000,2.036422346
2.45524254,0.626312352,11.91195926,1.515967534,0.566498342,2099947000,2.346309497
2.005027037,0.637611913,4.93813167,1.216676643,0.440909122,3094629000,3.457686034
1.560100718,0.5822573,19.53618753,1.286276104,0.537332453,3669189000,4.099652514
1.375726395,0.590053301,2.729688646,0.412863272,0.169251935,2002137000,2.237024581
3.11332589,0.307675716,10,1.178937253,0.816206889,569759000,0.636602235
6.084527184,0.183387895,10,0.443385088,0.36207363,5368737000,5.998588827
7.702246431,0.101164304,92.68511036,0.307527816,0.276416979,8271182000,9.241544134
2.45325231,0.367217292,10,1.041713261,0.659178138,5890719000,6.581808939
1.860094831,0.545956454,10,0.793824548,0.360430912,6780383000,7.575846927
1.756644175,0.37783639,4.745165906,0.448356672,0.278951205,560009000,0.62570838
1.327087005,0.708108866,7.048491439,0.644134477,0.188017143,7101541000,7.934682682
1.509251592,0.509732961,9.209123398,0.587965408,0.28826006,4335297000,4.843907263
7.606189083,0.203450576,3.893879415,0.118570046,0.094446902,2684709000,2.99967486
10.46078305,0.108260753,42.27099141,0.443961436,0.395897837,3808249000,4.255026816
2.63896438,0.447268081,10.82478069,0.788536652,0.435849377,3869944000,4.323959777
1.402328613,0.606013276,19.11868629,0.765658103,0.301659128,22658480000,25.31673743
1.503585564,0.343787899,6.605551373,0.29523913,0.19373949,6353099000,7.098434637
7.988561492,0.771604848,7.014251166,0.743051703,0.169709407,3066448000,3.426198883
2.478214632,0.190949694,45.57911534,0.35188823,0.28469528,2394993000,2.675969832
2.127792402,0.527234463,10.80410017,1.393198463,0.658656219,5517642000,6.164963128
1.425486899,0.374544356,5.713468172,0.415483883,0.25986674,2368803000,2.646707263
17.96108271,0.060487331,26.1524898,0.13818277,0.129824463,3257783000,3.639981006
1.016655827,0.539277298,10,0.346307226,0.159551601,298085000,0.333055866
2.568848967,0.362448258,30.82021119,0.864348298,0.551066763,8839987000,9.877080447
1.089067344,0.684444791,2.943991173,1.492295633,0.470901661,2376704000,2.655535196
2.490569231,0.318782376,4.683928216,0.228326446,0.155539999,2175137000,2.43032067
3.695852352,0.375998532,62.91157833,0.175370759,0.109431611,3597526000,4.019582123
1.155243313,0.718531361,10,1.800291344,0.506725555,564286000,0.630487151
5.485891029,0.012022066,11.34064766,0.026519648,0.026200828,241480000,0.269810056
1.556665012,0.630333279,4.410480087,0.609880156,0.225452397,12430082000,13.88835978
1.530872607,0.655228848,5.537315279,1.097596988,0.378419778,10403253000,11.62374637
2.053673538,0.432225613,33.06257937,1.421405068,0.807037391,7684007000,8.585482682
1.358242198,0.462950811,12.27640618,0.93789087,0.503693531,2613547000,2.920164246
1.549578216,0.203061423,10,0.402501354,0.320768856,671689000,0.750490503
2.046566274,0.478425625,10,0.743847023,0.387971547,4040132000,4.514113966
1.588620779,0.314078469,5.557552571,0.257506085,0.176628968,7963457000,8.897717318
5.466663664,0.905853207,440.5970973,3.591930408,0.338168729,4065392000,4.54233743
2.332990438,0.422174729,17.0934237,0.79476855,0.459237353,2253427000,2.517795531
3.946902335,0.198526726,50.76308937,0.435889425,0.349353725,2771320000,3.096446927
1.234083493,0.395690772,10.36950818,0.53327793,0.322264774,2062876000,2.304889385
4.75545291,0.210957243,10,0.033968725,0.026802777,918734000,1.026518436
3.504627258,0.285681241,408.1563035,0.127585546,0.091136749,3916408000,4.37587486
2.568320877,0.249849963,10,0.444692372,0.333586,12539221000,14.01030279
2.761209999,0.283892169,10,0.367413698,0.263107827,1754690000,1.960547486
8.914566242,0.099466015,4.887702219,0.044950914,0.040479826,3122795000,3.489156425
2.049026528,0.607849242,5.515008522,0.840836472,0.32973466,4185341000,4.676358659
6.625635431,0.205685838,9.575635472,0.329141611,0.261441843,44634821000,49.87130838
1.434079949,0.306149067,8.778072591,0.536374565,0.372163992,3059853000,3.418830168
1.273540525,0.778415251,8.766743157,1.427474572,0.316306595,3996618000,4.465494972
1.046223703,0.627359398,1.473010172,0.289042441,0.107708949,1163439000,1.299931844
1.472708422,0.390130091,34.3218486,0.591562221,0.360775998,2265968000,2.531807821
3.981348741,0.686562757,13.70508228,1.558364718,0.488449541,7797339000,8.712110615
2.461197279,0.308880229,8.228123883,0.556547837,0.384641214,754422000,0.842929609
1.84645332,0.40208364,53.68251391,0.532140812,0.318175697,5304844000,5.9272
2.111426174,0.608077913,7.311572255,1.97188563,0.772825531,2463465000,2.75247486
4.191885361,0.204896596,6.506930853,0.301313948,0.239575746,5631421000,6.292090503
3.744499156,0.337736707,17.96557291,1.368333217,0.906196863,3739929000,4.17869162
1.953800823,0.725047167,10,2.711494312,0.745533043,750667000,0.838734078
3.115172195,0.394077702,10,0.517394817,0.313501057,9308729000,10.40081453
1.484221952,0.709224994,10,0.992744265,0.28866522,921179000,1.029250279
2.340181609,0.419830105,1234.979065,2.020376556,1.172161653,2154224000,2.40695419
1.485209188,0.72883878,4.031247368,2.008808187,0.54471088,5308435000,5.931212291
2.570221986,0.32024622,10,0.36177717,0.245919399,2971229000,3.319808939
1.654014783,0.499788974,10,0.838514138,0.419434017,2564528000,2.865394413
3.314474612,0.237708297,176.8283164,0.552593137,0.421237163,5148153000,5.752126257
8.344157432,0.140211263,21.78186204,0.113126104,0.09726455,17480211000,19.53096201
3.029408868,0.312861718,33.04469482,0.334631648,0.229938216,4821567000,5.387225698
2.842184145,0.427170884,17.40916247,1.392868571,0.797875672,16996632000,18.99065028
2.755116921,0.507460751,13.65513334,1.036180935,0.51035978,2.22182E+11,248.2479162
1.580573398,0.459797473,10,0.758997521,0.410012379,379976000,0.42455419
1.125094187,0.573214479,10,0.034485329,0.014717839,51964000,0.058060335
1.305566013,0.494912819,4.262385708,1.151935208,0.581827708,323034000,0.360931844
2.754128792,0.292785367,10,0.155556264,0.110011666,21658037000,24.19892402
1.741556311,0.633875987,3.239998788,0.551557712,0.201938523,1055268000,1.179070391
2.51015678,0.336048888,11.21236384,0.295105485,0.195935615,6387788000,7.137193296
1.223269974,0.799837769,25.01312478,1.273128119,0.254832164,4027033000,4.499478212
2.309498542,0.41412187,21.00292575,1.080091932,0.632802241,5818085000,6.500653631
1.41441979,0.645545305,5.553975668,1.098822055,0.389482637,3358223000,3.752204469
1.76336269,0.320782376,6.331545806,0.202792184,0.137740025,619736000,0.692442458
6.677878988,0.123172059,22.06467053,0.157169039,0.137810205,3570432000,3.989309497
1.686142895,0.510310158,6.563815672,0.62700752,0.307039214,2359255000,2.636039106
1.935894075,0.538355412,10,0.048670883,0.02246865,2056324000,2.297568715
1.675323052,0.443391003,10,0.580672393,0.323207478,5241686000,5.856632402
2.114846824,0.482732028,15.56112734,0.493466403,0.255254366,19238488000,21.49551732
1.715515535,0.650456986,10,2.893046382,1.011244153,28704326000,32.07187263
6.446515651,0.194416495,19.91616724,0.17478543,0.14080426,5874895000,6.564128492
2.908417528,0.25207141,1523.537565,0.565394586,0.422874775,10220219000,11.41923911
2.078084343,0.538618427,13.43162887,0.468449076,0.216133771,14501416000,16.20269944
1.627146994,0.32398091,11.63216691,0.40418683,0.273238013,799016000,0.892755307
1.152637682,0.308029594,10,0.064809233,0.044846071,77659000,0.086769832
3.272284156,0.637170407,11.2430791,0.438746015,0.159190038,750081000,0.83807933
1.852498042,0.69387586,6.790215911,1.310993608,0.40132679,3427407000,3.829505028
1.501597622,0.72746769,10,0.800450024,0.218148494,10712021000,11.96873855
4.423827709,0.593440973,10,0.217226077,0.088315223,4964266000,5.546665922
2.775514098,0.298601965,10,0.514062421,0.360562372,3210078000,3.58667933
1.033036541,0.818271359,10,1.466583809,0.266520282,20077000,0.022432402
2.185616149,0.513805579,3.703847456,0.597369693,0.290437812,9894013000,11.05476313
12.32132294,0.660599891,0,0,0,16294248000,18.20586369
2.46379521,0.395238619,10,0.520546776,0.314806588,1121232000,1.252773184
2.928061224,0.320248969,10,0.713051143,0.48469725,3756594000,4.197311732
1.480451796,0.479942932,18.45417068,0.735057756,0.382271981,1481267000,1.655046927
1.099542001,0.497551574,13.08457675,0.637708446,0.320415605,785732000,0.877912849
2.218777841,0.367657844,81.9534945,0.182733131,0.115549862,11325838000,12.6545676
1.260153371,0.677203815,5.48771704,0.83710408,0.270214003,5190194000,5.799099441
2.901182265,0.453535165,10,0.522517507,0.285537443,2544472000,2.842985475
4.449742459,0.160298787,18.24251341,0.126151749,0.105929776,2416448000,2.699941899
3.70865486,0.509983238,5.142132675,0.148116525,0.07257958,1024611000,1.14481676
7.445837923,0.744984481,27.98589667,0.763094772,0.19460101,5933252000,6.629331844
2.121621157,0.407299598,9.206508485,0.789339275,0.467841705,2056581000,2.297855866
1.845485805,0.339336453,2.244757604,0.042568295,0.028123321,1848095000,2.064910615
1.180442258,0.714588969,1.462787156,0.488134689,0.139319025,5185476000,5.793827933
1.757172959,0.462932986,253.969314,0.884449131,0.475008454,2597288000,2.901997765
1.258042371,0.546166206,4.728560878,0.789257264,0.358191619,3755134000,4.195680447
2.927631442,0.323483052,17.14274494,0.386366176,0.261383266,8723978000,9.747461453
1.678045094,0.505948769,3.788358073,0.302548228,0.149474325,1283776000,1.434386592
3.946783475,0.317514543,22.73237581,0.416725382,0.284409013,12838449000,14.34463575
1.97480593,0.819641621,4.315834531,0.638310957,0.11512473,1879342000,2.099823464
1.249748576,0.267487814,47.05375531,0.175178623,0.128320476,584329000,0.652881564
12.68508971,0.450303976,5.180537327,0.099651091,0.054777808,2057978000,2.29941676
2.240319564,0.424441779,47.19955798,1.080375605,0.621819061,9094477000,10.16142682
2.334389932,0.182767744,20.87501762,0.209112633,0.170893589,596515000,0.666497207
2.272094453,0.364898157,3.302599756,0.588228573,0.373585051,2225659000,2.486769832
1.431370056,0.774038682,107.5317497,0.120103619,0.027138772,2611994000,2.91842905
2.404186142,0.375763401,12.79387882,1.128584536,0.704503773,3496057000,3.906208939
2.044590963,0.343102067,10,0.808029586,0.530792965,1246220000,1.392424581
1.895796265,0.374589549,10,0.341885094,0.213818511,1455505000,1.62626257
1.131085125,0.727191815,3.579231499,0.759941488,0.207318258,618457000,0.691013408
3.790773349,0.616264732,1.455191295,0.180384354,0.069219838,6350815000,7.095882682
2.898951481,0.373764114,48.30937388,0.593377737,0.371594432,2293189000,2.562222346
4.381041119,0.174859986,5.538240925,0.22320953,0.184179114,4710054000,5.262630168
1.660478998,0.495903346,10,0.258326369,0.130221458,2941751000,3.286872626
2.220871667,0.3856763,56.20790106,0.878976022,0.539975802,2976396000,3.325582123
26.63792653,0.188021579,10,0.033089985,0.026868354,1471899000,1.644579888
2.344955422,0.311691596,10,0.689442411,0.474549006,2986144000,3.336473743
1.446348064,0.793834948,11.51654124,4.688818327,0.966670473,3709759000,4.144982123
2.099734443,0.413414329,17.47281798,0.742862047,0.435752232,4453489000,4.975965363
2.110322232,0.462552287,33.02774069,1.01607162,0.546085368,1120032000,1.251432402
2.126773039,0.556919542,7.285434555,0.606978127,0.268940146,10058197000,11.23820894
1.638977378,0.592772038,5.571774224,0.509406832,0.207444706,17152110000,19.16436872
4.039910909,0.156131312,35.71257593,0.456817663,0.385494122,7135440000,7.972558659
1.179910514,0.543425913,13.41068997,0.418513568,0.19108245,398439000,0.44518324
5.516408355,0.380602843,24.47591196,0.752491926,0.46609136,17427212000,19.47174525
1.264968735,0.604142725,4.536287766,1.034286262,0.409429741,618764000,0.691356425
2.362227952,0.395996591,3.127348134,0.610873451,0.368969646,14350562000,16.03414749
1.357146361,0.455191246,7.044913973,0.502662186,0.273854759,6100537000,6.816242458
1.32141038,0.406232441,2.882426206,0.128494548,0.076295894,2486207000,2.777884916
14.23473811,0.080423858,43.74296281,0.297544559,0.273614877,1404391000,1.569151955
1.739687541,0.386469909,7.799797153,0.378325889,0.232114317,4997295000,5.583569832
2.015819522,0.475937732,10,2.27297105,1.191178363,14784730000,16.5192514
6.66693564,0.100892454,2.586989659,0.116545638,0.104787063,3342914000,3.735099441
1.56093168,0.622854392,27.30076254,1.306224101,0.492636682,1993195000,2.22703352
2.495648337,0.120944906,4.781435721,0.057121087,0.050212582,7881633000,8.806293855
1.356569641,0.267469981,5.041946643,0.184813025,0.135381089,1229440000,1.373675978
1.202998654,0.819913193,10,2.39975316,0.432163885,4629066000,5.172140782
1.911807317,0.562350656,12.61835132,1.685422797,0.737624182,3523766000,3.937168715
2.762615555,0.382999814,30.47857053,0.805850957,0.49721019,9516238000,10.63266816
2.002082117,0.39365869,45.48700798,1.086393456,0.658725231,317645000,0.354910615
1.526794474,0.519171976,29.50002215,1.152381515,0.554097327,20849920000,23.296
1.685883204,0.488561523,7.76609595,0.564807019,0.288864042,10634735000,11.88238547
2.529167107,0.562267812,16.15923935,1.939238241,0.848866997,12118816000,13.54057654
2.262522768,0.661410602,2.972948098,0.422734657,0.143133473,11354270000,12.6863352
2.646648132,0.224387581,10,0.40234611,0.31206464,2709683000,3.027578771
1.372987167,0.677752762,12.08636674,0.755488912,0.243454216,3331985000,3.722888268
1.857640689,0.753869616,2.347366425,1.049942683,0.258422796,12923827000,14.44003017
1.507248213,0.553109768,6.457774787,0.605300045,0.270502678,2026239000,2.26395419
5.048773957,0.337554834,1297.13055,0.906687853,0.600630986,2676523000,2.990528492
2.176213067,0.582033212,3.628383499,0.391268484,0.163537232,5000544000,5.5872
2.032975866,0.372685509,21.8359145,0.611152733,0.383384965,1628253000,1.819277095
1.553546946,0.517631327,9.9054541,0.72514445,0.349786966,4897919000,5.472535196
2.043077077,0.531736339,19.74479645,1.31383729,0.615222259,6634861000,7.413252514
2.692425535,0.236514264,14.11299587,0.489570345,0.373779975,3731844000,4.169658101
2.1549112,0.487018554,42.07558741,0.84698947,0.434489884,5678964000,6.345211173
1.457123227,0.455276667,7.059196759,0.465568461,0.253606004,1271491000,1.420660335
1.338246847,0.709725142,2.557321628,0.907550317,0.263439039,4519147000,5.049326257
1.370281426,0.591447897,2.989431732,0.741662967,0.303007965,4083832000,4.562940782
2.048848031,0.332931646,10,1.138655407,0.759560989,10957887000,12.24344916
1.088588136,0.75708997,2.950486868,1.107755902,0.269085019,1521684000,1.700205587
1.869480521,0.547529086,5.386909933,0.911919515,0.412617057,3280177000,3.665002235
2.257534317,0.40261031,10.17561097,0.813631953,0.48605534,8370664000,9.352697207
3.443952566,0.229572474,10,0.345636789,0.266288096,5950741000,6.648872626
1.155289757,0.642072714,37.933508,1.397627972,0.500249186,1529799000,1.709272626
1.132226043,0.542589414,4.476585029,0.655920791,0.300025114,317530000,0.354782123
1.25767293,0.742624279,4.948600383,1.669802571,0.42976664,1557436000,1.740151955
5.475115042,0.177397208,6.867740515,0.208100652,0.171184177,1012365000,1.131134078
1.299741346,0.717316724,19.81427267,1.408028554,0.398026124,1614281000,1.803665922
2.322838279,0.592154145,10,1.932159712,0.78802333,15200986000,16.9843419
3.294830424,0.32558203,8.662134304,0.933145916,0.629330374,18820042000,21.02797989
2.602994696,0.299901411,12.86207192,0.278961198,0.195300341,3865992000,4.319544134
2.984724667,0.818782881,5.982592685,4.999142102,0.905930128,1981823000,2.214327374
3.543539625,0.348408547,6.013631912,0.396462932,0.258331858,4544148000,5.077260335
4.159071132,0.241767027,14.10548741,0.525357839,0.398343636,2827991000,3.15976648
3.287478059,0.659964409,4.983930814,0.890336726,0.302746175,12225168000,13.65940559
6.445701339,0.15339767,10,0.310731763,0.263066234,2004579000,2.239753073
2.931925427,0.440901241,10,1.130590749,0.632111885,1407966000,1.573146369
6.067774884,0.682437691,9.848684766,1.305042507,0.414432312,22249944000,24.86027263
5.001620354,0.436537119,10,0.305387892,0.172074741,3432738000,3.835461453
2.703812065,0.426276988,10,0.631615579,0.362372392,3300744000,3.687982123
2.287153036,0.485013908,4.436821356,0.756807502,0.389745338,4849676000,5.418632402
2.138508005,0.301845043,10.74052621,0.321813332,0.224675573,2640553000,2.950338547
4.94266071,0.310936635,136.8166593,0.213703773,0.147255441,2273212000,2.539901676
2.373257934,0.270887208,10,0.314326251,0.229179291,2804352000,3.13335419
2.324158256,0.338513629,7.875687986,0.310056126,0.205097902,1222112000,1.365488268
3.283319372,0.302287413,25.80780713,0.561276827,0.391609907,8212755000,9.17626257
2.871969796,0.441429902,67.35986071,1.531089473,0.855220797,1949065000,2.177726257
1.325835921,0.585021212,15.97377769,0.735284652,0.305127534,1097939000,1.226747486
2.237161312,0.895014968,2.640888115,1.651847251,0.173419236,1287661000,1.438727374
1.409625737,0.670322483,11.61362443,2.08997274,0.689017023,1499426000,1.675336313
1.289245383,0.76555109,4.556258907,2.177762996,0.51057416,8193047000,9.154242458
2.267351584,0.427425083,10,0.638533067,0.365608018,6394392000,7.144572067
1.432828674,0.456639928,5.645278458,0.568919547,0.309128166,1006070000,1.124100559
1.926987212,0.924689696,4.006785572,2.542827458,0.19150111,5272021000,5.890526257
1.870989588,0.674192556,3.730697772,0.82375379,0.268385117,2558106000,2.858218994
1.051635169,0.723483649,10.06994938,3.47686837,0.961410954,817291000,0.913174302
7.932075167,0.891346587,10,0.971362662,0.105541869,7887634000,8.812998883
3.508493612,0.743253035,10,1.251609493,0.321346938,2425618000,2.710187709
1.060068136,0.754596599,10,0.016185268,0.00397192,188114000,0.21018324
1.409026289,0.595651219,11.21818298,1.110147132,0.448886639,814800000,0.910391061
7.390824925,0.139651056,12.67764518,0.046660125,0.040143989,3870405000,4.32447486
1.547685597,0.780643335,10,3.32989848,0.730435424,5428325000,6.065167598
2.097887054,0.427910369,7.751952326,0.70115756,0.40112497,3002406000,3.354643575
1.880595714,0.659288327,4.678163369,1.834205902,0.624935361,1242473000,1.388237989
1.099649353,0.722056544,3.817615649,1.194511372,0.332006619,565163000,0.631467039
42.86690118,0.041820493,10,0.03688698,0.035344348,1678151000,1.87502905
1.038548897,0.803637158,12.72993159,5.900992662,1.15873569,217546000,0.243068156
1.615063767,0.607389224,10,3.599807169,1.413323088,243163000,0.271690503
2.0947314,0.436640481,24.220733,0.667632215,0.376116964,2286872000,2.555164246
1.664804761,0.782080659,10.11069442,2.299478467,0.501100831,10551962000,11.78990168
1.121444898,0.855295719,8.26431069,2.33968086,0.338561838,2325155000,2.597938547
2.205552236,0.568149053,6.92951996,0.879767394,0.379928382,2759755000,3.08352514
1.269368452,0.561150972,4.442274483,0.47320048,0.207663571,330639000,0.36942905
3.837651729,0.21332804,10,0.902575622,0.710030933,3023901000,3.378660335
3.462271403,0.330201099,8.82102383,0.287471215,0.192547904,5672278000,6.337740782
2.009201689,0.381578722,19.1641093,0.390183025,0.241297485,1246903000,1.393187709
1.639125206,0.609285247,14.02991441,0.975742402,0.381236951,419277000,0.468465922
1.786169379,0.490496803,5.538414718,0.75148063,0.382881783,2004261000,2.239397765
1.627448811,0.586764565,10,1.35185934,0.558636183,3822826000,4.271313966
1.098289826,0.49026557,10,0.231177247,0.117839002,306294000,0.342227933
1.274918144,0.901507656,11.51858014,2.828315605,0.278567432,791356000,0.884196648
4.738736243,0.296883493,4.864390465,0.189667076,0.133358052,3117949000,3.483741899
1.798387926,0.236661802,10,0.378064198,0.288590844,2172883000,2.427802235
2.555418744,0.918015146,758.6597132,1.022423699,0.083823257,1618197000,1.808041341
3.004270606,0.935274947,4.138529454,3.394274359,0.219694588,2591572000,2.895611173
2.554981803,0.945023943,383.4714839,16.11036935,0.885684586,3394673000,3.792930726
1.490022303,0.488474955,10,0.412566521,0.211038108,2123298000,2.3724
1.319251184,0.899260144,10,3.177300533,0.3200808,1929739000,2.156132961
1.193112401,0.580007678,27.09796289,1.835990968,0.771102109,6593260000,7.36677095
1.352768022,0.412538147,10,0.549528608,0.322827094,3915930000,4.375340782
2.059696417,0.279791958,13.94479649,0.364868331,0.262781106,2994399000,3.345697207
2.62054176,0.520265315,2.241462164,1.021596091,0.490095079,1863132000,2.081711732
1.415747124,0.702501724,6.499648101,0.883653449,0.262885378,674267000,0.75337095
4.70146342,0.197560133,23.56448846,0.33896577,0.271999647,681147000,0.761058101
1.86612918,0.461890067,163.3925635,0.959105552,0.516104224,708498000,0.791617877
1.603667695,0.274542328,11.57009912,0.416189478,0.30192785,999163000,1.11638324
67.90642939,0.005107002,10,0.013477611,0.013408781,2680673000,2.995165363
8.428230738,0.944075763,10,7.944611722,0.444296346,8447280000,9.438301676
2.273180267,0.556637711,6.757850414,0.808542407,0.358477213,9138506000,10.21062123
1.103789687,0.728948613,16.4659162,2.831113908,0.767377353,825796000,0.922677095
1.650941531,0.174602042,10,0.452988827,0.373896053,296250000,0.331005587
7.264468281,0.40378964,35.91284323,1.24511796,0.742352227,4002895000,4.47250838
2.06624476,0.850956373,10,2.481761706,0.369890767,5228119000,5.841473743
4.359023514,0.2219626,10,0.623055823,0.484760733,1009269000,1.12767486
1.418934582,0.469948626,6.243910787,0.467864742,0.247992349,958878000,1.071372067
1.937617815,0.729543284,3.549475386,2.041242775,0.552067818,13619767000,15.21761676
1.709784039,0.362790901,5.364496799,0.368385319,0.234738477,920191000,1.028146369
1.710106049,0.61874477,9.524669601,0.9671774,0.368741442,1701260000,1.900849162
1.114607206,0.632224233,10,0.692716899,0.254764489,90364000,0.100965363
1.762450341,0.569414867,30.10914491,1.119291015,0.48195007,42811149000,47.83368603
1.370790843,0.578798714,8.286957641,1.575000877,0.663392395,15167017000,16.94638771
1.508627803,0.744023825,13.30207092,2.439753944,0.624518883,2177045000,2.432452514
1.629490305,0.648043634,15.95367625,2.476036513,0.871456813,4143997000,4.630164246
3.044206281,0.443792269,4.52945964,0.370287808,0.205956942,1486232000,1.660594413
2.949518134,0.827791528,15.99376223,1.173159047,0.202027927,422985000,0.472608939
1.220584269,0.500158604,7.297101449,0.367643507,0.183763444,1379746000,1.541615642
7.930717547,0.328815444,14.04563763,0.250037003,0.167820975,1937191000,2.164459218
1.931644816,0.534853068,3.622476299,0.345878142,0.160884157,1342121000,1.499576536
2.550955192,0.25847721,11.19821366,0.322038755,0.238799076,7892614000,8.818563128
1.209838357,0.877300711,2.707967492,3.217942771,0.39483929,2759255000,3.08296648
1.096659839,0.754008272,12.72458718,4.094295396,1.0071628,711194000,0.794630168
1.097397069,0.843310279,8.585205924,4.239563638,0.664296045,2587261000,2.890794413
1.334952582,0.701827359,8.039466309,1.123597208,0.335025947,590852000,0.660169832
1.668088975,0.572325488,10,0.898076177,0.384084291,582768000,0.65113743
2.208235596,0.471556368,11.84383594,1.092815908,0.577491608,4663584000,5.21070838
1.769798311,0.865571931,4.894632698,4.413692185,0.593324118,1656967000,1.851359777
4.785617318,0.188653082,10,0.088170724,0.071537046,1547655000,1.729223464
4.530035045,0.986780061,0.060019443,2.304470636,0.030464962,814898000,0.910500559
1.175531658,0.562060693,20.04636635,1.038899662,0.454974998,377735000,0.422050279
2.127974854,0.37477804,2.589987465,0.700180971,0.437768519,2316443000,2.588204469
2.183624116,0.526035728,12.00529773,1.089088327,0.516188956,15921534000,17.78942346
1.989946237,0.449242809,27.62558607,0.687417354,0.378600051,2422442000,2.706639106
1.647333738,0.342662697,10,0.585583481,0.384925866,215522000,0.240806704
2.586697886,0.316565398,37.10090102,0.789518046,0.539583952,8688188000,9.707472626
2.337002545,0.433887711,10,0.381674475,0.216070611,1215707000,1.358331844
3.403743551,0.507801383,4.040560966,0.719469713,0.354121998,1694894000,1.893736313
1.32781555,0.645910079,15.87957589,2.034572547,0.720421632,1121140000,1.252670391
1.503805796,0.61661972,4.390099243,0.769802991,0.295127286,4342215000,4.851636872
1.421623201,0.625369648,4.033384874,0.521008744,0.195185689,4757097000,5.315192179
1.049617272,0.552779039,4.287999643,0.897990355,0.401600109,356241000,0.398034637
2.557783857,0.600976147,9.171591857,1.202654905,0.479887994,4276179000,4.777853631
1.217496722,0.621371708,10,2.501700117,0.947214443,353343000,0.394796648
2.320966286,0.624288066,9.900458631,0.979913569,0.368165223,4243340000,4.741162011
3.274027889,0.204427683,104.5309334,0.778477015,0.619334762,1117878000,1.249025698
1.985971514,0.494007759,22.78135137,1.934411203,0.97879706,2303121000,2.573319553
3.510523403,0.267694612,33.62000933,1.341414053,0.982324738,1823358000,2.037271508
3.409256335,0.212954933,10,0.747894437,0.588626627,1263096000,1.411280447
2.279980435,0.545396538,14.19999288,1.388628899,0.631275505,915890000,1.023340782
1.692322745,0.548502617,6.441438778,1.25141016,0.565008412,5313917000,5.93733743
2.69940417,0.480762756,19.40640059,0.728676326,0.378355887,3480497000,3.888823464
2.542518577,0.38205257,10,0.771898163,0.476992486,7938831000,8.870202235
1.279950782,0.772524015,2.905934597,1.133767864,0.257904961,692797000,0.77407486
6.555193499,0.787954801,8.147031262,1.017870529,0.215834559,2388461000,2.668671508
1.839286217,0.451044347,98.27016792,1.271232955,0.697850517,746039000,0.833563128
1.830682577,0.496567172,10,1.25003345,0.629307874,664252000,0.742181006
1.104537372,0.762379002,47.08386262,1.482171546,0.352195081,454630000,0.50796648
295.9181941,0.003368345,38.00475059,0.008447562,0.008419107,5663609000,6.328054749
1.266236865,0.691630169,4.430893342,1.006784167,0.310461864,6296664000,7.035378771
2.266553314,0.769092711,15.18125128,1.322567118,0.305390388,5191217000,5.800242458
3.173350251,0.769918998,10,0.763365081,0.175635803,6760871000,7.55404581
1.406398842,0.434682861,19.26101055,0.531492673,0.300461917,666729000,0.744948603
2.734515541,0.33344164,10,1.147699891,0.765008957,5003583000,5.590595531
3.106494092,0.268765842,3.051309641,0.069590971,0.050887295,4561238000,5.096355307
1.510839816,0.761416018,10,3.080728493,0.735012472,2753398000,3.076422346
1.697549529,0.750855241,1.826553068,0.48619489,0.121132908,2900480000,3.240759777
2.675608326,0.636498193,4.36546504,0.819137368,0.297757913,4224785000,4.720430168
5.352605021,0.490514452,11.82941696,0.3807567,0.193990036,1796751000,2.007543017
1.835448556,0.519815417,10,3.172174312,1.523229201,1100056000,1.229112849
1.866402135,0.416658645,5.697290728,0.199436202,0.116339385,4981412000,5.565823464
5.079275247,0.669881843,4.531780879,0.544237084,0.179662543,3211850000,3.588659218
1.894759281,0.755084701,4.947595163,2.439380154,0.59744152,2480619000,2.771641341
2.026326527,0.481492484,10,1.41642977,0.734429482,2092688000,2.338198883
1.80096939,0.812576054,10,0.741092653,0.138898509,495426000,0.553548603
2.221514963,0.516854194,16.92909024,1.172843978,0.566654649,4090376000,4.570252514
2.087529276,0.301628686,14.93263689,1.658749551,1.158423104,1589933000,1.776461453
2.646392876,0.441048756,10,0.467338485,0.261219428,5495829000,6.140591061
1.582702774,0.600790231,10.87078254,2.797284902,1.116703459,10102540000,11.28775419
1.120405365,0.703163506,13.01581251,2.509592785,0.744938723,1028981000,1.149699441
1.781154843,0.917803205,10,3.186861145,0.261949771,1352968000,1.511696089
1.648543853,0.708081099,3.293493952,0.667376351,0.194819771,5195442000,5.804963128
2.136848213,0.681664522,19.45932676,1.242783915,0.395622212,1257918000,1.405494972
2.725484587,0.682551862,21.80009296,0.29561433,0.093842219,9343713000,10.43990279
1.758657031,0.754130679,7.350541199,1.163246754,0.28600669,1487206000,1.661682682
1.471703048,0.578885844,10,0.828701946,0.34897812,1318402000,1.47307486
1.646066616,0.605267957,13.86245527,0.60137273,0.237381086,1188561000,1.328001117
3.327575757,0.794068436,14.85922805,2.026025303,0.41722256,6493813000,7.255656983
2.661625,0.759187408,1.183215648,0.133427777,0.032131089,960941000,1.073677095
1.630708155,0.56452715,10,0.793650881,0.345613411,1480834000,1.654563128
1.290565607,0.507163554,21.1137259,3.166758475,1.560693994,343604000,0.383915084
1.915269769,0.396346264,265.645435,0.827704221,0.499646745,4403653000,4.920282682
1.675146908,0.514286249,16.33610116,1.262082176,0.613010668,2983300000,3.333296089
1.931553348,0.510634636,19.77030957,1.897903604,0.928768287,907836000,1.014341899
4.067740415,0.621104878,53.52029685,1.510231011,0.572219163,1458232000,1.629309497
1.727751936,0.533132988,30.02123743,2.661944742,1.242774189,1425463000,1.592696089
2.174180579,0.558317525,6.565892661,2.436842624,1.076310681,1502330000,1.678581006
1.581776304,0.838940327,2.451838995,2.321110775,0.373837341,766595000,0.856530726
97.50486486,0.329101437,10,0.252976586,0.169721628,267801000,0.299218994
1.418701083,0.478515497,18.45752451,0.590662947,0.308021573,10093815000,11.27800559
1.294875196,0.457256649,10,1.870031103,1.014946948,240098000,0.268265922
1.437831948,0.545864384,30.89085451,1.352525897,0.614230181,676717000,0.75610838
3.127608692,0.575507132,6.449368713,1.328920414,0.564117237,930582000,1.039756425
1.706186351,0.583243936,25.40253976,1.251053836,0.521384273,845435000,0.944620112
1.670087836,0.496909046,1.984871798,0.413820937,0.20818957,9742397000,10.88535978
2.756907169,0.495955607,3.53680627,0.566727381,0.285655759,3504190000,3.915296089
1.974576938,0.442413643,10.30256088,0.17977238,0.100238627,6857328000,7.661818994
3.198449277,0.51528186,17.6286296,1.617548471,0.784055086,3752067000,4.192253631
4.806106813,0.136189628,29947.78261,0.403886771,0.348881582,1023386000,1.143448045
1.832443523,0.672868586,10,2.985351893,0.976602386,1386299000,1.54893743
9.750089013,0.65415219,10,1.7250516,0.596605317,1597390000,1.784793296
7.092399713,0.107371945,10,0.25534835,0.227931101,3500833000,3.911545251
2.380788581,0.41620102,10,1.293541812,0.755168391,2169252000,2.423745251
1.978295249,0.355645435,13.06952056,1.316521424,0.84830659,3981917000,4.449069274
1.411849612,0.514843394,10,0.240723933,0.116788806,374639000,0.418591061
1.695417757,0.514400997,28.29542527,3.259197671,1.582663139,683862000,0.76409162
2.501116389,0.342717151,37.73132663,1.879717421,1.235506022,955351000,1.067431285
2.627336684,0.308860109,10,0.904489376,0.625128689,5190667000,5.799627933
1.854272663,0.832118986,1.257911495,1.222563599,0.205245217,1491496000,1.666475978
6.735876982,0.681348074,18.2844632,2.096186417,0.66795384,3042269000,3.39918324
4.674701536,0.158756943,2.740939833,0.203297361,0.171022493,952953000,1.064751955
1.707650121,0.581326347,46.94589269,0.976277714,0.408741758,623490000,0.696636872
1.603329394,0.626631588,11.82916308,1.788557079,0.667790716,2067821000,2.310414525
6.934202373,0.739007347,10,0.390958363,0.10203726,2413179000,2.696289385
1.884631773,0.484724417,36.62573298,0.546679774,0.281690739,656050000,0.73301676
1.703340798,0.580646308,13.68398323,0.678023471,0.284331646,1363334000,1.523278212
1.697201739,0.544044787,10,0.90932326,0.414610681,1485290000,1.659541899
1.890099584,0.800552928,1.915548216,0.669168654,0.133463729,9322871000,10.41661564
4.1699737,0.139507407,14.50733592,0.614384266,0.52867311,2297337000,2.566856983
8.752204191,0.385569204,20.0748984,0.505713782,0.310726121,4033154000,4.506317318
8.853734484,0.701221992,21.95136979,2.62778068,0.785123078,552361000,0.617163128
1.686780485,0.57662338,43.94580783,1.599241622,0.677081512,890255000,0.994698324
1.513239587,0.431839951,9.454197451,0.51162664,0.290685817,1847817000,2.0646
2.825721777,0.353891883,10,0.313582952,0.202608491,3358585000,3.752608939
2.538280891,0.553527332,7.264238565,0.514849107,0.229866054,2895220000,3.234882682
2.840798617,0.32491231,13.58481277,1.465346023,0.989237062,2774737000,3.100264804
1.106662564,0.878179058,3.419705984,3.968492096,0.483445444,431553000,0.482182123
1.595706211,0.45742005,67.57823354,0.597797278,0.324352817,622040000,0.69501676
2.471741586,0.591493215,10,0.906847492,0.370453353,1511302000,1.688605587
1.211738478,0.79958127,5.266614475,3.767692001,0.755116047,4324311000,4.831632402
1.087827586,0.653074252,7.230044333,1.475044396,0.51173088,732725000,0.818687151
2.84713867,0.627381838,5.358211377,0.855611196,0.318816271,3736490000,4.174849162
4.175530577,0.254881266,46.27298539,1.522359313,1.134338444,2701951000,3.018939665
1.986699113,0.46414632,6.03953581,1.052162031,0.563804897,3408410000,3.80827933
1.130608972,0.733173376,16.94258642,2.859565228,0.763008136,802036000,0.896129609
1.617181245,0.575397993,13.00326731,1.174258214,0.498592395,5154412000,5.759119553
1.044314665,0.737117339,21.33470323,2.412314483,0.634155651,680282000,0.76009162
10.68290931,0.779383402,10,1.600733355,0.353148347,16028449000,17.90888156
2.408832485,0.493726945,6.91385819,0.535519543,0.271119115,1411722000,1.577343017
1.257449961,0.720308592,10,2.710428027,0.758083431,1164492000,1.30110838
1.624258088,0.567265065,37.51788672,2.042962161,0.884061098,789355000,0.881960894
10.19015967,0.121209577,0,0,0,9453035000,10.56205028
6.338042694,0.243826498,5.94981496,0.164216261,0.124175985,16217310000,18.11989944
1.51344452,0.590333685,22.73727831,1.120549378,0.459051334,15042304000,16.80704358
1.254080198,0.635862002,10,1.017494447,0.370508391,667909000,0.746267039
1.887728128,0.503594007,5.286218764,0.579555821,0.287694983,1070269000,1.195831285
1.280326832,0.347139371,10,0.130764979,0.085371306,218956000,0.244643575
1.723413446,0.2444033,8.592030496,0.548173305,0.41419794,1111974000,1.24242905
3.781419106,0.837635358,31.41318842,2.264690755,0.367705705,7667755000,8.567324022
1.515540615,0.226916431,10,0.304126043,0.235114847,424508000,0.474310615
1.67708816,0.654448956,5.326925266,1.138399377,0.393375093,1573777000,1.758410056
2.73744753,0.32171131,49.71739072,0.609009712,0.413084399,22372052000,24.99670615
1.686004012,0.588628744,28.1483997,1.696293215,0.69780627,733872000,0.819968715
2.384151325,0.726951247,10,0.619383229,0.169121818,3437908000,3.841237989
2.847155261,0.287126858,33.08817517,1.181546429,0.842292716,2782285000,3.108698324
3.474910856,0.28629975,20.05511644,1.038594699,0.741245296,1535306000,1.715425698
1.883681296,0.522896695,10,0.721181186,0.344077927,3750886000,4.190934078
1.306871204,0.9931141,11.46931184,1.889828128,0.013013167,1330480000,1.486569832
1.045004213,0.879185831,3.305172087,0.904035833,0.109220338,92454000,0.103300559
1.702067329,0.50161645,47.70945038,1.204857488,0.600481153,707627000,0.790644693
1.116504949,0.909470732,10,7.534877144,0.682126916,227917000,0.254655866
2.16359807,0.795363319,1.498240179,3.208344651,0.656545,23543046000,26.30507933
1.799419095,0.719485452,10,1.148637857,0.322209629,2563239000,2.86395419
2.532971345,0.385638904,51.07491415,1.401252619,0.860875094,2226693000,2.48792514
2.617088649,0.590628932,4.990278983,0.450544559,0.184439907,9109083000,10.17774637
1.315297625,0.581705199,4.589100633,0.454596659,0.190155419,603730000,0.674558659
3.019566477,0.163444926,10.59047839,0.178206212,0.149079311,9849456000,11.00497877
1.825410047,0.806337657,10,0.631614214,0.122319889,2967813000,3.315992179
2.028258096,0.432686264,10.01402852,1.05861505,0.600566859,729472000,0.815052514
1.682661585,0.55291284,10,1.575306162,0.704299158,6110297000,6.827147486
1.557347474,0.812613376,10,5.128739909,0.961057258,509439000,0.569205587
1.493782144,0.674719491,34.54348537,2.248933737,0.731534311,1119652000,1.251007821
1.158301384,0.848586262,10,2.093989555,0.317058785,92240000,0.103061453
1.863143607,0.512990946,37.14983133,2.407767973,1.172604803,1904535000,2.127972067
247.8133433,0.736313131,10,1.225853569,0.323241489,329249000,0.367875978
2.433900614,0.46436931,10,1.57538322,0.8438236,1760189000,1.96669162
3.244479283,0.245841871,7.870109856,0.484583572,0.36545264,2398069000,2.679406704
1.22398384,0.788196051,10,2.189108786,0.463661886,3788703000,4.233187709
2.193484404,0.446187723,10,0.778722272,0.431265955,531313000,0.59364581
1.081211856,0.711578858,18.96636588,0.835730083,0.241042225,419245000,0.468430168
1.173026095,0.76264809,15.18542831,0.730313245,0.173341243,426174000,0.476172067
1.574469415,0.52747372,18.39494322,0.96263336,0.454869561,2591061000,2.895040223
2.424224313,0.738791197,10,3.626251741,0.947208876,548070000,0.612368715
2.052864533,0.846413081,10,2.331156285,0.358035112,2084736000,2.329313966
2.22989759,0.819378313,10,1.472627951,0.265988546,2355201000,2.631509497
1.91304238,0.477347867,6.380921066,0.628882384,0.328686719,1916297000,2.141113966
3.926962859,0.537296313,1.827044697,0.426494527,0.19734059,14272468000,15.94689162
1.758345373,0.829574478,22.14256521,3.365776717,0.573614255,3146152000,3.515253631
4.001768053,0.247747487,10,0.428829383,0.322587981,4657015000,5.203368715
2.697388665,0.598700572,7.935990727,0.759454026,0.304768467,3653955000,4.082631285
32.69646798,0.492573647,3.528011656,0.597480808,0.303177507,20941793000,23.3986514
1.254756963,0.669903879,9.436706636,1.344232856,0.443726052,1414469000,1.580412291
1.361580247,0.736946741,14.90625714,1.603564067,0.421822753,1592407000,1.779225698
5.448986281,0.924164824,10,2.499349491,0.189538607,10695234000,11.94998212
2.924653232,0.326514436,10,0.439903289,0.296268514,4066544000,4.543624581
1.227305822,0.743061637,11.05344684,1.615199235,0.415006647,345601000,0.386146369
1.120019414,0.572449983,10,0.934234543,0.399431995,1650853000,1.844528492
1.289540866,0.629983838,9.02886509,0.7275206,0.26919438,1456143000,1.626975419
2.328229578,0.64561234,4.398020448,0.462246028,0.163814288,14119621000,15.77611285
2.493241319,0.432696834,6.33639643,0.543934996,0.308576045,760133000,0.849310615
2.755468032,0.370727618,10,0.411172809,0.258739693,7815607000,8.732521788
1.762355851,0.303115299,11.13617715,0.506519833,0.352985922,257690000,0.287921788
2.164537354,0.508739919,10,0.197825035,0.097183543,646536000,0.722386592
1.256024601,0.755900519,27.34403302,2.869586946,0.700464683,1405562000,1.570460335
1.217406187,0.773891587,10,1.34855522,0.304919681,1812698000,2.025360894
1.564046532,0.707330669,21.29562064,2.619763955,0.766724564,4572481000,5.108917318
3.248020674,0.473830147,18.73479757,2.1890271,1.151800066,1884210000,2.10526257
1.317195249,0.677884091,2.752255492,1.010053026,0.325354149,2896136000,3.235906145
1.1358223,0.635284369,1.760019306,0.474461789,0.173043631,207416000,0.231749721
31.75806452,0.031488065,0,0,0,1907000,0.002130726
1.138448605,0.688747421,10,2.358982116,0.734239267,1553364000,1.735602235
1.255633146,0.570219618,5.262717383,0.747381018,0.3212097,1173622000,1.311309497
1.528774747,0.942527615,10,4.142823339,0.238097936,253125000,0.282821229
3.136248246,0.247346098,14.36056231,0.851362413,0.640781243,2458042000,2.746415642
1.245179298,0.57159515,3.343827449,0.893095866,0.3826066,141339000,0.15792067
2.842632514,0.622086766,7.157859643,0.551593895,0.208454633,8062492000,9.00837095
2.534321084,0.386524838,6.564512062,0.747324252,0.458464867,219747000,0.245527374
8.021516158,0.734929923,66.49387836,0.824421332,0.218529426,2689016000,3.004487151
3.911650833,0.540612599,10.13393076,1.251077918,0.574729433,1627409000,1.818334078
1.409498201,0.651272554,31.20500841,5.573275456,1.943554117,1525812000,1.704817877
1.116722755,0.896665888,16.63512382,5.677637445,0.586693623,753553000,0.841958659
1.993506228,0.752817044,10,4.997555414,1.235310518,3230921000,3.609967598
1.002440762,0.408710981,50.75742739,1.898509117,1.122567593,9384000,0.010484916
2.394986358,0.583317777,4.189745718,0.54262309,0.226101396,11001592000,12.29228156
1.759331653,0.641201503,10,1.197528451,0.429671409,879322000,0.982482682
2.055444106,0.478968494,33.74117771,1.111360736,0.579053958,1118528000,1.249751955
2.220839054,0.728658902,10.08451159,0.893468071,0.242434607,1908169000,2.132032402
2.481496029,0.525933048,10,0.795188912,0.376972784,1029699000,1.150501676
4.90097744,0.194721048,29.51536296,0.591624387,0.476422666,2724665000,3.044318436
6.477398184,0.258537179,10,0.429754198,0.31864676,6029016000,6.736330726
1.775347487,0.632861682,10,0.707638765,0.259801306,884152000,0.98787933
1.0881756,0.903012814,10,5.677178451,0.55061356,955086000,1.067135196
2.286994266,0.46105119,10,0.412227535,0.222169539,11496510000,12.84526257
1.920569225,0.485361363,23.466949,1.296651943,0.667307189,512016000,0.572084916
4.266467821,0.296780837,10,0.797140342,0.560564364,5333358000,5.959059218
1.044386867,0.785588162,34.45650994,1.021317052,0.218982466,161737000,0.180711732
1.675397943,0.356001933,2.353599192,0.013588612,0.00875104,6107113000,6.823589944
1.487103581,0.82315941,6.913803511,2.335113664,0.412942879,2205209000,2.46392067
2.560863624,0.601226406,13.22286256,0.471346886,0.187960692,5329778000,5.955059218
1.714841788,0.45296464,0.898862974,0.050996404,0.027896836,10384769000,11.60309385
1.344963102,0.667466483,68.91299659,1.208371828,0.401824134,1962364000,2.192585475
1.320406555,0.606429637,12.12017725,0.367008749,0.144443767,108159000,0.120848045
1.417568991,0.684064155,25.02451892,1.020762271,0.322495391,3873618000,4.328064804
1.200889221,0.671050627,10,0.814850017,0.268044402,464212000,0.518672626
1.096354695,0.599534757,5.7904024,0.467772524,0.187326637,1350814000,1.509289385
1.321168165,0.850913612,7.054300386,4.204677439,0.626860173,583366000,0.651805587
2.293652252,0.435822262,45.3064231,1.591103887,0.897665392,4328792000,4.836639106
1.401646364,0.701340143,40.31850495,2.014805631,0.601741562,5740076000,6.413492737
2.226452709,0.460962719,22.48242613,0.569924818,0.307210724,112581000,0.125788827
1.280793744,0.719227545,7.179992999,2.579395816,0.724223295,626450000,0.699944134
1.915139567,0.391558807,812.0434783,2.17215745,1.321630071,2714228000,3.032656983
2.639003406,0.439420173,10,2.415564709,1.354116846,1454291000,1.624906145
1.785560245,0.703345508,5.527398874,2.159739022,0.640696282,998810000,1.115988827
1.621782158,0.532268711,10,1.387421865,0.648940618,1622017000,1.812309497
1.310128935,0.724564553,10,2.078705363,0.572549141,268625000,0.300139665
1.21120638,0.757806162,20.66236685,0.929099674,0.225022216,451174000,0.504105028
2.169714868,0.863759676,43.89146731,1.026266305,0.139818854,3019006000,3.373191061
1.835768694,0.703121125,12.87851754,1.995240793,0.592344841,2506935000,2.801044693
1.131283959,0.822086816,12.8168992,1.237630566,0.220190794,561486000,0.627358659
1.672255045,0.733244701,11.94377646,1.665150335,0.444187675,7076966000,7.907224581
2.287853637,0.504421594,31.29625222,2.191770711,1.086194235,1331329000,1.487518436
1.244742241,0.903535661,10,20.07379483,1.936405347,1064489000,1.189373184
1.234027688,0.799437599,1.474136743,1.579988542,0.316886296,11183798000,12.49586369
3.668005333,0.5217379,5.945149829,0.62153555,0.297256898,4344812000,4.854538547
2.288862788,0.484228328,11.32618657,1.046125817,0.539562061,3890007000,4.346376536
1.195257301,0.836639943,10,0.887832767,0.145036411,168962000,0.188784358
1.517816969,0.659211415,25.5167889,1.675884317,0.571122244,4348775000,4.85896648
1.124006705,0.465519109,1.72880312,0.168124941,0.089859568,1255476000,1.40276648
1.996798371,0.50563115,4.836967087,0.976978821,0.482987897,1002518000,1.120131844
3.962784485,0.251964794,10,0.694311861,0.519369716,9788000000,10.93631285
3.603700776,0.362456277,6.728312989,1.342274166,0.855758468,1449324000,1.619356425
1.135239072,0.833091624,6.88350431,3.874787116,0.646734425,1070683000,1.196293855
15.68374765,0.033161985,45.37193725,0.018357713,0.017748935,5160794000,5.766250279
3.045635958,0.642745089,7.522756242,0.460522652,0.164523979,1142995000,1.277089385
1.980528624,0.494070338,10,2.032212735,1.028156703,7586197000,8.476197765
34.76300726,0.091250518,10,0.318414862,0.289359341,35201649000,39.3314514
3.357374871,0.249728864,10,0.586600036,0.440109075,16542765000,18.48353631
1.297040126,0.770210514,10,1.517936131,0.348805763,727699000,0.813071508
1.777496075,0.86977663,1.895035712,1.234811518,0.160801318,8825508000,9.860902793
